dataset_id__Mareckova,cell_type,pathway,set_size__Mareckova,ES__Mareckova,NES__Mareckova,nominal_p_value__Mareckova,leading_edge_genes__Mareckova,within_cell_type_FDR__Mareckova,global_dataset_FDR__Mareckova,significant_within_cell_type_fdr_0_25__Mareckova,significant_global_dataset_fdr_0_25__Mareckova,dataset_id__Huang,set_size__Huang,ES__Huang,NES__Huang,nominal_p_value__Huang,leading_edge_genes__Huang,within_cell_type_FDR__Huang,global_dataset_FDR__Huang,significant_within_cell_type_fdr_0_25__Huang,significant_global_dataset_fdr_0_25__Huang,direction_concordant,significant_both_within_fdr_0_25,concordance_class
Mareckova_E-MTAB-14039,dStromal_early,HALLMARK_COAGULATION,84,0.4354841903514959,1.7765571403003542,0.0017035775127768314,DUSP6;VWF;CTSV;CLU;ITGA2;MMP11;C3;MMP14;P2RY1;APOC1;HTRA1;A2M;LTA4H;LGMN;ANG;TFPI2;MMP7;PROS1;CFI;CD9;CTSK;RGN,0.009025270758122744,0.011689070718877849,True,True,Huang_GSE214411,94,0.2752880376190168,1.2308442276249398,0.13580246913580246,THBS1;SERPINE1;DUSP14;APOC1;TIMP3;MMP14;PLAT;FYN;PREP;FN1;ANXA1;ARF4;GNB2;CTSH;CTSK;F3;MAFF;LEFTY2;F10;S100A13,0.21903624054161688,0.1781015988666262,True,True,True,True,concordant_positive
Mareckova_E-MTAB-14039,dStromal_early,HALLMARK_EPITHELIAL_MESENCHYMAL_TRANSITION,176,0.3510967523560151,1.6147660972988578,0.0015600624024961,SPP1;POSTN;FBN2;ITGA2;SDC4;NTM;MYLK;MFAP5;FAP;MMP14;HTRA1;PTHLH;SNTB1;FSTL1;BGN;GLIPR1;LAMA2;GJA1;ID2;FBLN5;CAP2;TFPI2;SFRP1;ACTA2;MYL9;IGFBP3;COL6A3;ITGB5;NOTCH2;TGFBI;COL11A1;IGFBP4;CALD1;TGM2;THBS1;ITGB1;TAGLN;PRRX1;MCM7;COLGALT1;LOXL1;SAT1;MGP;PDGFRB;ITGAV;COL5A1;FMOD;SFRP4,0.009025270758122744,0.011689070718877849,True,True,Huang_GSE214411,182,0.29088482377879904,1.4575288687340369,0.00954653937947494,TGFB1;THBS1;SERPINE1;VIM;GADD45A;SERPINE2;PDGFRB;SAT1;TIMP3;IGFBP3;MMP14;FZD8;GEM;CCN2;ID2;ELN;TNFRSF12A;DCN;PTX3;TGFBR3;FN1;ITGA5;CXCL1;FGF2;VEGFA;GAS1;SDC4;ENO2;PDLIM4;MATN2;COPA;COL12A1;IL15;TGM2;GADD45B;EMP3;ITGAV;FAP;RGS4;WIPF1;COL5A2;AREG;VEGFC;CD44;SLC6A8,0.022729855665416528,0.017667584399522974,True,True,True,True,concordant_positive
Mareckova_E-MTAB-14039,dStromal_early,HALLMARK_KRAS_SIGNALING_UP,135,0.406605962670314,1.7919568670379555,0.0015360983102918587,SPP1;DUSP6;TSPAN1;MPZL2;ACE;ITGA2;MMP11;IL33;IRF8;GUCY1A1;APOD;SLPI;JUP;F13A1;LIF;ADGRL4;GABRA3;TSPAN7;ETS1;GALNT3;ST6GAL1;CCND2;ID2;ALDH1A2;ETV1;IGFBP3;GPRC5B;LCP1;TRIB2;FGF9;PRDM1;CXCR4;PRRX1;ETV5;CA2;SNAP91;PEG3;TNFRSF1B;ADGRA2;ANO1,0.009025270758122744,0.011689070718877849,True,True,Huang_GSE214411,153,0.2670972640051851,1.3003723245153835,0.045346062052505964,EMP1;MAFB;TMEM176B;GPRC5B;KLF4;HBEGF;TMEM176A;BMP2;TRIB1;IGFBP3;IRF8;ID2;GFPT2;AKAP12;SPRY2;PLAT;ALDH1A2;ANO1;TMEM100;ANGPTL4;PTBP2;ADGRA2;FCER1G;TFPI;FBXO4;CD37;KIF5C;PRELID3B;WDR33;ADAM17;ALDH1A3;USP12;F2RL1;VWA5A;IL1B;ZNF277;PTGS2;IGF2;NGF;CCL20;TOR1AIP2;ADAM8,0.08097511080804635,0.07003252826641848,True,True,True,True,concordant_positive
Mareckova_E-MTAB-14039,dStromal_early,HALLMARK_ALLOGRAFT_REJECTION,94,0.3835823095036496,1.6034051678073866,0.004885993485342019,CD74;HLA-DRA;SRGN;CDKN2A;IRF8;F2R;HLA-DMA;IGSF6;LIF;ETS1;ICAM1;STAT1;CCND2;GBP2;EIF3J;CXCL13;CSK;LYN,0.02035830618892508,0.02298762499521091,True,True,Huang_GSE214411,123,0.36004432659725083,1.720635615063783,0.004987531172069825,TGFB1;NPM1;DYRK3;ACHE;IL2RB;IRF8;GZMB;ABI1;KLRD1;CD40;AKT1;IFNGR2;PTPRC;BCL3;RPL39;IFNGR1;PRKCG;DEGS1;SOCS1;IL11;EIF3D;IL15;CFP;CD247;IGSF6;HIF1A;UBE2N;UBE2D1;EGFR;PSMB10;IL1B;IL4R;CCND3;MAP3K7;CD8B;CD3D,0.013958682300390844,0.010025188285567489,True,True,True,True,concordant_positive
Mareckova_E-MTAB-14039,dStromal_early,HALLMARK_ANDROGEN_RESPONSE,94,0.3828747964145635,1.6004477057054458,0.006514657980456026,SGK1;SCD;GUCY1A1;CCND1;DHCR24;IQGAP2;KRT8;KLK2;MAF;ABCC4;SPDEF;HOMER2;PDLIM5;B4GALT1;INSIG1;INPP4B;FADS1;SRF;GSR;RRP12;ARID5B;SAT1;STEAP4;ACTN1;PA2G4;PTK2B;ITGAV;ZMIZ1;ELK4;NCOA4,0.02171552660152009,0.02659044073655521,True,True,Huang_GSE214411,97,0.3209190255821035,1.450843840402524,0.01598173515981735,SAT1;SGK1;SLC38A2;UAP1;GSR;RPS6KA3;AKAP12;IDI1;INSIG1;VAPA;SMS;AKT1;ADAMTS1;SEC24D;SRP19;PLPP1;NDRG1;DNAJB9;SELENOP;ITGAV;NKX3-1;ACSL3;MAF;ALDH1A3;SRF;ELL2;HMGCS1;RRP12;ARID5B;GNAI3;ELK4;CCND3;B4GALT1;PIAS1;PGM3;RAB4A;STEAP4,0.03632212536322125,0.02828625692003071,True,True,True,True,concordant_positive
Mareckova_E-MTAB-14039,dStromal_early,HALLMARK_UV_RESPONSE_DN,134,0.3165132254752804,1.4133561056172126,0.02377179080824089,MT1E;PTPRM;TGFBR2;EFEMP1;CACNA1A;PTGFR;ADGRL2;WDR37;PDLIM5;APBB2;GJA1;SCN8A;FBLN5;CAP2;INSIG1;CELF2;INPP4B;LDLR;RUNX1;NOTCH2;SFMBT1;ERBB2;COL11A1;KIT;IGF1R;ATP2B4;TENT4A;PDGFRB;ANXA4;ZMIZ1;PRDM2;PIK3R3;NRP1;YTHDC1;VAV2;PTEN;SYNE1;NFKB1;TFPI;MMP16;PIAS3;ATP2C1;AMPH;ABCC1;SYNJ2,0.059429477020602216,0.06649451974333116,True,True,Huang_GSE214411,137,0.27998080028706773,1.365649216583901,0.02403846153846154,MYC;SMAD7;MTA1;SERPINE1;ADD3;PDGFRB;RND3;BHLHE40;AKT3;WDR37;KCNMA1;RUNX1;VLDLR;INSIG1;FYN;TGFBR3;IGF1R;RBPMS;TFPI;CITED2;PLPP3;NFKB1;TENT4A;F3;SMAD3;ID1;RGS4;NEK7;SRI;COL5A2,0.04807692307692308,0.04023173479240425,True,True,True,True,concordant_positive
Mareckova_E-MTAB-14039,dStromal_early,HALLMARK_IL2_STAT5_SIGNALING,150,0.2878567140647319,1.2752302213681674,0.0696594427244582,SPP1;IRF8;TNFSF10;IL18R1;PLSCR1;ENPP1;LIF;AHR;PRNP;SLC39A8;MAPKAPK2;LCLAT1;CCND2;TNFRSF21;GUCY1B1;P4HA1;MUC1;SYNGR2;GBP4;CDCP1;MYO1E;SLC1A5;SWAP70;IL1RL1;CDC6;TGM2;HK2;IGF1R;CA2;SPRED2;TNFRSF1B;ANXA4;TIAM1;MXD1;ITGAV;PENK;NFIL3;SPRY4;PRAF2;NRP1;COCH;SH3BGRL2,0.146484375,0.15922158337019018,True,True,Huang_GSE214411,167,0.360059576307755,1.7744924696556197,0.002506265664160401,MYC;EMP1;SLC2A3;PLAGL1;BMP2;IL18R1;CDKN1C;BHLHE40;IL2RB;CD48;PIM1;IRF8;IL1RL1;MXD1;IGF1R;DENND5A;HOPX;CD83;LRIG1;PHLDA1;IL3RA;XBP1;PLPP1;GABARAPL1;NDRG1;POU2F1;NFKBIZ;IFNGR1;SNX9;P4HA1;SOCS1;GLIPR2;CASP3;TGM2;MAFF;SLC1A5;MAPKAPK2;GADD45B;SPRED2;ITGAV;CAPN3;KLF6;NFIL3;CD44;GBP4;GPX4;AHNAK;IL4R;CCND3;MAP3K8;HK2;GSTO1;PLSCR1;ECM1;RORA;SMPDL3A;TWSG1;SPRY4;LIF;TNFRSF21;LCLAT1;SWAP70,0.010993843447669306,0.006809090135330666,True,True,True,True,concordant_positive
Mareckova_E-MTAB-14039,dStromal_early,HALLMARK_MTORC1_SIGNALING,185,0.26273495474780306,1.2099046437229346,0.09985096870342772,STC1;TES;SCD;STARD4;DHCR24;FADS2;SLC37A4;DHFR;AK4;LTA4H;LGMN;IDH1;MTHFD2;AURKA;P4HA1;GPI;TMEM97;INSIG1;RRM2;LDLR;SLC7A5;FADS1;CD9;HSP90B1;PSME3;SLC1A5;ADIPOR2;SC5D;HK2;CYP51A1;MCM4;MAP2K3;CXCR4;GSR,0.18702477311748833,0.19675067724813344,True,True,Huang_GSE214411,193,0.29190466366912493,1.4628421817597204,0.005025125628140704,SLC2A3;ADD3;CDKN1A;NAMPT;PDK1;IFRD1;BHLHE40;EGLN3;MTHFD2;GSR;IDI1;HPRT1;MAP2K3;SLC6A6;VLDLR;ATP2A2;INSIG1;SLC2A1;CACYBP;EDEM1;ALDOA;UBE2D3;UFM1;GBE1;XBP1;ENO1;GLA;SHMT2;IFI30;LDHA;PSMG1;BTG2;ETF1;P4HA1;PPA1;NFKBIB;SQSTM1;HSPE1;CFP;AK4;PGK1;SLC1A5;ATP6V1D;COPS5;SERP1;PGM1;TRIB3,0.013958682300390844,0.010050251256281407,True,True,True,True,concordant_positive
Mareckova_E-MTAB-14039,dStromal_early,HALLMARK_MYOGENESIS,127,0.2781843652695932,1.215706460459452,0.12575757575757576,CLU;SCD;MYLK;APOD;HSPB8;EPHB3;MEF2C;MYH9;HRC;SPDEF;AGRN;LAMA2;PRNP;CKMT2;FOXO4;HDAC5;NQO1;SYNGR2;IGFBP3;COL6A3;ITGB5;APP;ITGB1;TAGLN;COX7A1;TPD52L1;SORBS1;SPHK1;COL15A1;SH2B1;SLC6A8;CDKN1A;KLF5;COL4A2;FDPS;IGFBP7;NAV2;KIFC3;TPM3;SVIL;PLXNB2,0.20283479960899317,0.22659022659022657,True,True,Huang_GSE214411,149,0.33158852675025274,1.612142984905878,0.0024752475247524753,TGFB1;FHL1;HBEGF;HSPB8;DES;CDKN1A;ACHE;IFRD1;BHLHE40;IGFBP3;LSP1;WWTR1;CTF1;ACTN2;EIF4A2;FXYD1;ABLIM1;PTGIS;FGF2;HSPB2;LDB3;CNN3;SPHK1;MEF2D;TNNT3;IGF1;CRYAB;GADD45B;COL15A1;NCAM1;GNAO1;GABARAPL2;MEF2A;SLC6A8;MYL6B;CACNA1H;MAPRE3;BDKRB2;SOD3;NOTCH1;DTNA;SMTN,0.010993843447669306,0.006809090135330666,True,True,True,True,concordant_positive
Mareckova_E-MTAB-14039,dStromal_early,HALLMARK_E2F_TARGETS,182,0.35541671779137685,1.6366225195100768,0.0015015015015015015,BIRC5;PTTG1;CDKN2A;TRIP13;MKI67;ATAD2;TOP2A;CDC20;CCNB2;CDK1;SHMT1;CDKN3;RFC3;ORC2;MCM5;RFC1;CKS2;MTHFD2;TCF19;RAD51AP1;AURKA;SPAG5;TACC3;RRM2;CENPM;CCP110;GINS4;CENPE;HELLS;NBN;STAG1;MCM4;POLD3;HMMR;GINS1;NCAPD2;MCM7;PA2G4;MAD2L1;UBE2T;LIG1;MCM2;PLK4;RACGAP1;CHEK2;TK1;HUS1;SMC4;MELK;CDKN1A;ZW10;DEK;TP53;MCM3,0.009025270758122744,0.011689070718877849,True,True,Huang_GSE214411,186,-0.28427502563690177,-1.3638615671259136,0.022727272727272728,AURKB;JPT1;PPP1R8;GINS4;HELLS;PLK1;MAD2L1;RRM2;RAD51C;NCAPD2;HNRNPD;MCM5;SMC3;TMPO;DCTPP1;POP7;LMNB1;HMGB3;ORC6;POLA2;CENPE;ZW10;RPA1;TACC3;CTCF;CIT;TUBB;TCF19;GINS3;BRCA2;TUBG1;CSE1L;POLD3;TOP2A;BRCA1;RFC3;MKI67;ILF3;UBE2T;RAD51AP1;SMC1A;DLGAP5;DIAPH3;MCM3;XPO1;TIMELESS;RAD21,0.047348484848484855,0.038358266206367474,True,True,False,True,discordant
Mareckova_E-MTAB-14039,dStromal_early,HALLMARK_G2M_CHECKPOINT,174,0.42805518380519847,1.938169348190056,0.0014947683109118087,NUSAP1;BIRC5;UBE2C;PTTG1;KNL1;CCND1;MT2A;CENPF;TPX2;PRC1;MKI67;SLC38A1;CCNA2;TOP2A;CDC20;CCNB2;CDK1;KIF20B;STIL;KIF23;CDKN3;CDC7;MCM5;CKS2;EFNA5;DBF4;AURKA;NUP50;E2F1;RBL1;TACC3;MEIS2;SLC7A5;NOTCH2;CENPE;INCENP;KIF11;CDC6;STAG1;RPS6KA5;HMMR;TTK;TENT4A;HIRA;MAD2L1;MCM2;CBX1;PLK4;RACGAP1;HIF1A;TOP1;NCL;UPF1;HUS1;SMC4,0.009025270758122744,0.011689070718877849,True,True,Huang_GSE214411,177,-0.279826845401005,-1.3427753006371346,0.0296875,NUP50;E2F1;HNRNPU;ATRX;CBX1;SMC2;STMN1;KIF20B;AURKB;JPT1;SMARCC1;NUSAP1;HMGN2;GINS2;DTYMK;PRC1;PLK1;MAD2L1;TRAIP;HNRNPD;MCM5;TMPO;LMNB1;HMGB3;ORC6;POLA2;CENPE;TACC3;CTCF;UPF1;NUMA1;DBF4;KIF23;BRCA2;TOP2A;MKI67;KIF15;ILF3;CASP8AP2;SMC1A;TPX2;INCENP;CHAF1A;MCM3;MARCKS;XPO1;RBL1;CCND1;RAD21;CENPF;KNL1,0.05709134615384615,0.04788306451612903,True,True,False,True,discordant
Mareckova_E-MTAB-14039,dStromal_early,HALLMARK_INTERFERON_ALPHA_RESPONSE,84,0.5008978758668703,2.0434121780961045,0.0017035775127768314,IFITM1;CD74;EPSTI1;HERC6;IFI44L;RSAD2;MX1;PLSCR1;BST2;CASP8;STAT2;GBP2;NUB1;UBA7;GBP4;IFI27;TRIM14;CMTR1;SP110;USP18;TRIM25;GMPR;DDX60;RNF31;RIPK2;IFI44;HLA-C;IFITM2;SLC25A28,0.009025270758122744,0.011689070718877849,True,True,Huang_GSE214411,89,-0.38668781439390515,-1.6645026635957008,0.0033613445378151263,IFI44L;RSAD2;TRIM26;RTP4;C1S;MX1;STAT2;PSMB9;LGALS3BP;IFIH1;PSME1;ISG20;IFI35;IFIT2;PARP12;PARP14;TDRD7;UBA7;PSMA3;MOV10;CNP;TRIM21;TXNIP;HLA-C;GMPR;PSME2;PARP9;LY6E;DHX58;IFITM2;USP18;IFITM3;IFI44;NUB1;TRIM25;HERC6;CASP8;SAMD9;CD74;TRIM5;IFIT3;ISG15;IFI27;TRIM14;CMTR1,0.012147716229348881,0.007236937328122739,True,True,False,True,discordant
Mareckova_E-MTAB-14039,dStromal_early,HALLMARK_MITOTIC_SPINDLE,185,0.3625156376503288,1.669398553520717,0.0014903129657228018,NUSAP1;BIRC5;FGD4;SORBS2;CENPF;TPX2;PRC1;EZR;TOP2A;CCNB2;CDK1;KIF20B;MYH9;CNTRL;ACTN4;ANLN;KIF23;LLGL1;RFC1;PDLIM5;EPB41L2;PXN;AURKA;FLNB;CD2AP;SUN2;PREX1;ARHGAP29;NOTCH2;CENPE;MYO1E;INCENP;FGD6;CNTROB;STK38L;KIF11;MYH10;MID1;CEP192;TTK,0.009025270758122744,0.011689070718877849,True,True,Huang_GSE214411,190,-0.3235888174891176,-1.557745868028283,0.003401360544217687,SPTBN1;SORBS2;FLNA;TBCD;NUSAP1;EPB41L2;PRC1;PLK1;ALS2;CDC42EP2;DOCK4;CNTRL;SMC3;TLK1;DST;LMNB1;TUBGCP6;CEP192;CENPE;PIF1;RHOT2;PALLD;ALMS1;PCNT;TAOK2;NUMA1;KIF23;ARHGEF3;FARP1;MAP3K11;ARHGAP29;KPTN;BRCA2;TOP2A;CCDC88A;GEMIN4;KIF15;SHROOM2;SMC1A;TPX2;DLGAP5;INCENP;CDK5RAP2;CKAP5;MARCKS;SOS1;CENPF;APC;TUBGCP5,0.012147716229348881,0.007236937328122739,True,True,False,True,discordant
Mareckova_E-MTAB-14039,dStromal_early,HALLMARK_MYC_TARGETS_V1,194,-0.2967622152952215,-1.4712304062619124,0.005934718100890208,RPL14;PTGES3;CUL1;PRPF31;SRM;PPM1G;PSMA1;SNRPD1;MRPL9;EIF4E;TUFM;RPS5;EIF2S1;CCT4;CCT7;PRDX3;CLNS1A;NDUFAB1;SNRPA1;ABCE1;PSMD3;CYC1;PSMA6;RPS3;EIF3B;PSMD8;PSMC4;ILF2;UBA2;U2AF1;CCT3;HNRNPA1;SRSF3;TCP1;CAD;COPS5;RPL18;PSMA2;SNRPD3;SRSF2;SSBP1;NPM1;YWHAQ;RPS2;HDDC2;PSMC6;PSMD7;RACK1;EXOSC7;EIF4A1;VDAC3;CTPS1;SLC25A3;AP3S1;MYC;SRSF7;EIF3D;ODC1;HPRT1;KPNA2;RPS10;PRPS2,0.02171552660152009,0.025254119578256205,True,True,Huang_GSE214411,194,0.3196431843585671,1.6094017740616275,0.002352941176470588,MYC;NPM1;APEX1;DDX21;IFRD1;CCT4;HPRT1;PCBP1;EIF4H;EIF4E;RPL14;DUT;RANBP1;RPL34;PRDX3;RPL22;KPNA2;CLNS1A;ILF2;PABPC1;TCP1;EIF1AX;PABPC4;LDHA;ETF1;EIF4A1;TFDP1;NAP1L1;HSPE1;EIF3D;HDAC2;PGK1;RRM1;COPS5;DDX18;SRSF7;SSB;HNRNPC;RAD23B;PHB2;PTGES3;CNBP;HNRNPA1;XPOT;PRPS2;RPL18;CUL1;HNRNPA2B1;HSP90AB1;GLO1;SNRPD2;NDUFAB1;SNRPA1;PSMB2;RNPS1;HSPD1;CDK2;AIMP2;C1QBP;EEF1B2,0.010993843447669306,0.006809090135330666,True,True,False,True,discordant
Mareckova_E-MTAB-14039,dStromal_early,HALLMARK_OXIDATIVE_PHOSPHORYLATION,200,-0.30457834576975024,-1.519703063421333,0.006430868167202572,NDUFB2;SDHC;PMPCA;GRPEL1;ACADM;NDUFV2;IDH3B;ATP5MG;ACAA2;NDUFB8;NDUFS4;COX7A2;MRPL34;ISCU;ATP5MC1;MRPS22;ACAT1;ETFDH;NDUFA6;ATP6V1F;MRPL15;ECI1;GLUD1;NDUFS6;TIMM13;ATP5PF;ATP5PO;ATP5MC3;ISCA1;UQCRH;MDH1;MPC1;ATP6V0E1;NDUFC2;ATP6V1G1;ETFB;ECHS1;ATP6V0C;MRPS30;MRPS11;IDH2;PRDX3;NDUFAB1;HTRA2;POR;TOMM22;CYC1;ATP5F1B;IDH3G;FH;SLC25A5;COX11;SUCLG1;UQCRFS1;NDUFS3;RHOT1;BDH2;SUCLA2;LDHB;COX4I1;PDHB;HCCS;SLC25A11;OAT;SDHD;COX7A2L;ABCB7;PDHA1;NDUFA9;MGST3;ACAA1;PHYH;VDAC3;ACADVL;DECR1;SLC25A3;VDAC2;NDUFV1;CYCS;NDUFS2;SDHA;ATP6V1D;HADHB;MTRF1;IDH3A;NQO2;NDUFB5;FDX1;UQCRC2;MTX2,0.02171552660152009,0.02659044073655521,True,True,Huang_GSE214411,200,0.2603732212177941,1.3121350733514459,0.019464720194647202,FDX1;MRPS22;SLC25A5;TIMM9;UQCRB;UQCRH;VDAC2;OAT;ATP5MG;ISCA1;MTX2;GLUD1;HTRA2;PRDX3;ETFA;NDUFB4;MDH1;COX7C;NDUFB5;LDHA;NDUFS4;ACADVL;NDUFB6;CASP7;DLST;NDUFA5;ATP5MC2;HADHB;ATP6V1G1;MTRR;CYCS;ATP6V1D;SDHB;BDH2;ACADM;PHB2;SDHD;SDHA;ATP5F1C;ATP6V1C1;GPI;GPX4,0.042314609118798266,0.03399951125702568,True,True,False,True,discordant
Mareckova_E-MTAB-14039,dStromal_early,HALLMARK_UNFOLDED_PROTEIN_RESPONSE,105,-0.3453841465875646,-1.559433820714872,0.0072992700729927005,EIF4A3;DCP1A;GOSR2;PDIA6;SPCS1;SRPRB;EIF4E;EIF2S1;CNOT4;KIF5B;EXOSC4;DKC1;BAG3;CEBPG;KDELR3;LSM1;RPS14;EXOSC1;DDIT4;HERPUD1;PREB;CNOT2;SERP1;EIF4A2;ASNS;NPM1;XBP1;EIF4A1;SEC11A;ATP6V0D1;YIF1A;NFYB;FUS;WIPI1;DNAJB9;CEBPB;EXOSC9,0.02281021897810219,0.027544415369783776,True,True,Huang_GSE214411,106,0.30067362394078034,1.3743182531704918,0.040865384615384616,NPM1;DCP1A;BAG3;MTHFD2;KHSRP;EIF4E;EIF4A2;EIF2AK3;CEBPB;SLC30A5;ERN1;EDEM1;EIF4A3;VEGFA;XBP1;DNAJA4;ATF3;PAIP1;CEBPG;EIF4A1;HERPUD1;FUS;EXOSC5;DNAJB9;SERP1;EXOSC9;ATF4;CNOT2;NFYA;SLC7A5;WIPI1,0.07567663817663817,0.0637441733841516,True,True,False,True,discordant
Mareckova_E-MTAB-14039,dStromal_early,HALLMARK_TNFA_SIGNALING_VIA_NFKB,154,-0.30486808816039634,-1.4746628090628127,0.008875739644970414,NAMPT;SPSB1;TRIB1;MCL1;NR4A1;NFAT5;YRDC;KLF6;RNF19B;EHD1;HBEGF;SLC2A6;DENND5A;MAFF;ZFP36;BTG1;RELB;CCNL1;KLF2;PANX1;KLF10;CD44;BCL6;F3;DNAJB4;JAG1;ACKR3;EIF1;SMAD3;TIPARP;GADD45B;KLF4;PLAU;IER2;MYC;EGR1;ATP2B1;FOS;RHOB;TNIP2;JUNB;IER5;PLAUR;CEBPB;FOSB;SOCS3;JUN;DUSP1,0.02465483234714004,0.030605998775760052,True,True,Huang_GSE214411,180,0.6517055539004546,3.291048999763228,0.0024630541871921183,MYC;EGR2;PHLDA2;SPSB1;SLC2A3;HES1;EGR3;KLF10;SERPINE1;KLF4;HBEGF;LITAF;TGIF1;CDKN1A;IER5;DUSP5;FOSB;EGR1;GADD45A;BMP2;NAMPT;SAT1;TIPARP;TRIB1;BTG1;SGK1;PER1;BHLHE40;EIF1;TNFAIP6;GEM;BCL6;FOSL2;PFKFB3;ID2;GFPT2;IRS2;BTG3;ZC3H12A;DNAJB4;SIK1;MAP2K3;PTX3;ABCA1;GCH1;MXD1;CEBPB;NR4A3;CXCL1;DENND5A;TNFSF9;IFNGR2;CD83;PHLDA1;VEGFA;BCL3;NR4A1;SPHK1;IER3;SDC4;ATF3;GPR183;CLCF1;SNN;KDM6B;BTG2;PLPP3;KLF9;BIRC2;CCNL1;NFKB1;IL15RA;SQSTM1;EDN1;ZFP36;F3;SOCS3;RELB;MAFF;NR4A2;PTGER4;SMAD3;DUSP2;KYNU;PLK2;GADD45B;FOS;F2RL1;TRIP10;REL;KLF6;AREG;NFIL3;CD44;IL1B;PTGS2;CCL20;PANX1;B4GALT1;MAP3K8;JUNB;FOSL1;NFE2L2;DRAM1;EHD1;PLAUR;CEBPD;CD69;YRDC;MCL1;TSC22D1;NFAT5;ETS2;ACKR3;ICAM1;B4GALT5;LDLR;LIF;KLF2;TUBB2A;RNF19B;TNFAIP3;CCN1,0.010993843447669306,0.006809090135330666,True,True,False,True,discordant
Mareckova_E-MTAB-14039,dStromal_early,HALLMARK_XENOBIOTIC_METABOLISM,133,-0.25745366722939134,-1.2137706731267346,0.11197916666666667,UGDH;PTS;ACOX1;TMBIM6;CYP27A1;FBLN1;POR;CASP6;PTGR1;EPHX1;PYCR1;HACL1;IGF1;PINK1;FAH;SSR3;SERTAD1;PMM1;F10;PTGDS;NFS1;LCAT;SAR1B;LEAP2;SLC12A4;SMOX;DHPS;DDAH2;CSAD;HPRT1;ALDH9A1;TMEM176B;SLC35B1;TGFB2;CES1,0.19571295433364402,0.21329365079365079,True,True,Huang_GSE214411,147,0.3192748139856464,1.5558207956143093,0.004819277108433735,SERTAD1;TMEM176B;SERPINE1;UGDH;EPHA2;IRF8;GSR;ID2;HPRT1;CYP26A1;SLC6A6;ATP2A2;GCH1;ENPEP;SLC6A12;AKR1C3;HMOX1;SAR1B;SLC35D1;SHMT2;GABARAPL1;IL1R1;PPARD;DDT;PTS;EPHX1;NPC1;IGF1;SLC1A5;CSAD;LEAP2;KYNU;F10;UPP1;LPIN2;PSMB10;TPST1;PTGES3;ARPP19;ACOX1;TMBIM6;NDRG2;LCAT;COMT;GSTO1;GSTM4;DHPS;ITIH4;SLC12A4;ETS2;ETFDH,0.013958682300390844,0.009785334230322306,True,True,False,True,discordant
Mareckova_E-MTAB-14039,dStromal_early,HALLMARK_HEME_METABOLISM,152,-0.24158068484814044,-1.178835112754238,0.1239193083573487,ADIPOR1;PC;ATP6V0A1;ARHGEF12;GMPS;BLVRB;ATG4A;SLC25A38;FBXO7;KLF3;VEZF1;ARL2BP;PPP2R5B;PGLS;SELENBP1;CTNS;UBAC1;DCAF10;NARF;MARK3;LAMP2;USP15;FOXJ2;RAD23A;FBXO9;KDM7A;RCL1;RNF123;CAT;GCLM;PPOX;BNIP3L;NR3C1;ISCA1;HAGH;AGPAT4;SLC2A1;EZH1;CDR2;CDC27;RBM5;EPOR;BPGM;DAAM1;HTRA2;SLC25A37;SPTB;RNF19A;UROS;MKRN1;PRDX2;MOSPD1;YPEL5;MGST3;ASNS;SDCBP;GDE1;MBOAT2;TMEM9B;ABCB6;ELL2;GLRX5;P4HA2;SMOX;PSMD9;HEBP1;AQP3,0.20283479960899317,0.22659022659022657,True,True,Huang_GSE214411,159,0.29032889784656535,1.4373898220910764,0.007228915662650603,TENT5C;SLC25A37;HEBP1;ADIPOR1;CLIC2;ISCA1;MAP2K3;SLC2A1;NARF;BACH1;HTRA2;NUDT4;SLC25A38;SDCBP;FECH;RBM38;TOP1;YPEL5;FBXO7;BTG2;MXI1;BNIP3L;AGPAT4;FN3K;AQP3;SLC10A3;SLC4A1;LPIN2;MBOAT2;FOXJ2;NEK7;ELL2;MPP1;GCLM;KHNYN;KDM7A;RANBP10;CDR2;SLC6A8;CPOX;ALDH1L1;EPOR;MKRN1;CCND3;RAD23A;GLRX5;LAMP2;ARHGEF12;MFHAS1;CIR1,0.019023462270133164,0.013835245287369576,True,True,False,True,discordant
Mareckova_E-MTAB-14039,dStromal_early,HALLMARK_INTERFERON_GAMMA_RESPONSE,148,0.41319677553264855,1.830262034860619,0.0015384615384615385,CD74;HLA-DRB1;EPSTI1;VAMP8;IRF8;MX2;HERC6;MT2A;IFI44L;TNFSF10;HLA-DMA;RSAD2;MX1;PLSCR1;BST2;OAS2;SAMHD1;XAF1;CASP8;ICAM1;STAT2;MTHFD2;STAT1;P2RY14;GBP4;OAS3;ST3GAL5;IFI27;TRIM14;IFIT1;CMTR1;SP110;USP18;TRIM25;ARID5B;DDX60;RNF31;HIF1A;CASP7;RIPK2;IFI44;PTPN1;IFITM2;SLC25A28;PFKP;SERPING1;MYD88;CDKN1A;ADAR,0.009025270758122744,0.011689070718877849,True,True,Huang_GSE214411,167,0.2038713508635731,1.0047453274141327,0.42857142857142855,CDKN1A;NAMPT;BTG1;TNFAIP6;IL2RB;MTHFD2;PIM1;IRF8;XCL1;GCH1;CD40;STAT3;LATS2;IFI30;APOL6;SPPL2A;CASP7;NFKB1;SOCS1;IL15RA;PML;CASP3;IL15;SOCS3;CASP1;HIF1A;PELI1;UPP1;PTPN1;PSMB10;SRI;NUP93;ARID5B;GBP4;PTGS2;IL4R;IRF9;SLC25A28;CD69;PLSCR1;SAMD9L;SP110;RAPGEF6;PSMB2,0.5639097744360901,0.4884004884004884,False,False,True,False,not_significant_in_both
Mareckova_E-MTAB-14039,dStromal_early,HALLMARK_ADIPOGENESIS,183,-0.26563140442988764,-1.3068101323609018,0.018461538461538463,NKIRAS1;CAT;ATP5PO;SLC5A6;HIBCH;GBE1;UCK1;PPP1R15B;ACADS;ETFB;SOD1;ECHS1;UBC;TKT;ACOX1;PRDX3;NDUFAB1;SSPN;CMPK1;PIM3;JAGN1;POR;CYC1;IDH3G;GHITM;SUCLG1;SCP2;LAMA4;NDUFS3;DHRS7B;BAZ2A;BCL6;QDPR;PREB;FAH;DRAM2;MTCH2;MGST3;COQ9;CD151;RAB34;SLC66A3;PHYH;DECR1;COQ5;IDH3A;OMD;ELMOD3;SOWAHC;PGM1;PHLDB1;DNAJB9;SULT1A1;SAMM50;DNAJC15,0.048582995951417005,0.053511705685618735,True,True,Huang_GSE214411,188,-0.18127658799170066,-0.8799838075958227,0.7827586206896552,ATP1B3;GPAM;DHCR7;UQCR10;CAT;MGLL;GPX3;MIGA2;FZD4;CPT2;MTCH2;SLC25A10;DGAT1;MYLK;GPAT4;CAVIN2;UCK1;NMT1;IMMT;COQ9;ECHS1;TST;ABCB8;ELOVL6;RETSAT;UCP2,0.8327219369038885,0.8175024759160889,False,False,True,False,not_significant_in_both
Mareckova_E-MTAB-14039,dStromal_early,HALLMARK_ESTROGEN_RESPONSE_EARLY,157,0.29113881895017635,1.2923412828463485,0.0703125,KRT18;CCND1;ABAT;ELF3;MYBL1;PODXL;HSPB8;KRT8;CLDN7;SCNN1A;ZNF185;GJA1;FLNB;MREG;MUC1;B4GALT1;SLC7A5;WWC1;KAZN;MYBBP1A;DEPTOR;CALB2;SLC22A5;IGFBP4;MED24;TGM2;SLC24A3;CANT1;IGF1R;RRP12;GAB2;TPD52L1;WFS1;CELSR1;TFAP2C;IL6ST;TIAM1;ALDH3B1;RAPGEFL1;AKAP1;AMFR;RPS6KA2;PMAIP1,0.146484375,0.15980113636363635,True,True,Huang_GSE214411,168,0.22614256180074288,1.1228961199917649,0.17974683544303796,MYC;HES1;EGR3;KLF10;KLF4;HSPB8;ADD3;NXT1;TIPARP;BHLHE40;AMFR;TOB1;SLC19A2;SLC2A1;IGF1R;ABLIM1;RARA;UGCG;LRIG1;XBP1;GREB1;GLA;PMAIP1;NBL1;SIAH2;TGM2;FRK;ISG20L2;AQP3;TSKU;FOS;SLC7A5;MED13L;RRP12;AREG;CD44;TMEM164,0.27234369006520903,0.229569444757039,False,True,True,False,not_significant_in_both
Mareckova_E-MTAB-14039,dStromal_early,HALLMARK_CHOLESTEROL_HOMEOSTASIS,67,0.3283466301343483,1.2835934401096962,0.10099337748344371,CLU;SCD;STARD4;FADS2;PLSCR1;SREBF2;LGMN;PDK3;TMEM97;LDLR;CD9;ANTXR2;CHKA;SC5D;TP53INP1;CYP51A1,0.18702477311748833,0.19706024874818287,True,True,Huang_GSE214411,70,0.214017742487165,0.9013557767973448,0.6785714285714286,ERRFI1;AVPR1A;LSS;IDI1;TNFRSF12A;CTNNB1;LGALS3;ATF3;FBXO6;ABCA2;TRIB3;STX5;HMGCS1;NFIL3;PDK3;PLAUR;PLSCR1;LDLR;ATF5;ALDOC;PNRC1;SCD;PPARG;FASN,0.7875264270613108,0.727074208717446,False,False,True,False,not_significant_in_both
Mareckova_E-MTAB-14039,dStromal_early,HALLMARK_DNA_REPAIR,143,-0.2492982206689175,-1.2022959864511253,0.11351351351351352,GTF2B;TAF9;MRPL40;ADRM1;FEN1;POLR2E;EDF1;POLR3C;RALA;ERCC1;POLR1D;NELFCD;MPG;NT5C;CLP1;GTF2H5;GTF2A2;DAD1;TSG101;TMED2;RFC2;AK1;POLR2K;BRF2;SDCBP;DGCR8;VPS37D;ERCC4;NME3;SAC3D1;MPC2;POLR3GL;POLR2C;SUPT4H1;GMPR2;TAF12;HPRT1;ADA,0.19571295433364402,0.21519149481234792,True,True,Huang_GSE214411,143,-0.1889172226371314,-0.8820091433159503,0.7532679738562091,FEN1;TP53;LIG1;NME1;SAC3D1;GTF2H3;DDB1;USP11;VPS37B;NELFB;NCBP2;SEC61A1;TARBP2;ADA;RBX1;SMAD5;SUPT4H1;POLR3C;POLR2I;TYMS;CSTF3;GUK1;TAF1C;ERCC5;SNAPC5;VPS28;APRT;POLR2D;CLP1;POLA2;ZWINT;UMPS;HCLS1;SNAPC4;CETN2;DDB2;POLR3GL;POLD3;RFC3;CANT1;NPR2;XPC;POLA1,0.8187695368002272,0.7929136566907465,False,False,True,False,not_significant_in_both
Mareckova_E-MTAB-14039,dStromal_early,HALLMARK_KRAS_SIGNALING_DN,82,0.2979104478261967,1.2067642861732035,0.16057233704292528,EDAR;SGK1;IFI44L;FGF22;RSAD2;MX1;PTGFR;PDE6B;CLSTN3;PLAG1;KCNMB1;CNTFR;SPHK2;CYP39A1;MSH5;NRIP2;SLC16A7;MAST3;CDKAL1;SPTBN2;KCND1;EPHA5;YPEL1;EFHD1,0.25089427662957076,0.2764436339561059,False,False,Huang_GSE214411,91,0.19735655259307605,0.9064125251698468,0.679814385150812,TENT5C;SKIL;EFHD1;SGK1;NRIP2;STAG3;MTHFR;SNN;BTG2;RGS11;EDN1;CPEB3;NR4A2;SELENOP,0.7875264270613108,0.727074208717446,False,False,True,False,not_significant_in_both
Mareckova_E-MTAB-14039,dStromal_early,HALLMARK_APOPTOSIS,133,0.2682867021973027,1.174354744921084,0.17475728155339806,KRT18;CLU;CCND1;TNFSF10;BMF;F2R;TOP2A;DPYD;RETSAT;BGN;CASP8;CDK2;CCND2;PAK1;HSPB1;PDCD4;ERBB2;APP;HGF;SC5D;GSR;SAT1;PDGFRB;ADD1;CASP7;PMAIP1;NEFH;MADD;CDKN1A;PEA15;MMP2;EBP;LUM;IER3;ROCK1;BCL2L1;ANXA1;ISG20,0.2592044011849344,0.28852822860313493,False,False,Huang_GSE214411,146,0.42343289853143756,2.057415865677073,0.0025575447570332483,SMAD7;EMP1;PPP3R1;EGR3;CDKN1A;DNAJA1;GADD45A;BMP2;PDGFRB;SAT1;TIMP3;AVPR1A;GSR;VDAC2;BTG3;PLAT;TNFRSF12A;DCN;BCL2L11;GCH1;TGFBR3;HMGB2;HMOX1;RARA;PEA15;LMNA;ANXA1;CTNNB1;LGALS3;PMAIP1;IER3;ATF3;WEE1;IFNGR1;ENO2;BTG2;ETF1;CASP7;SQSTM1;CASP3;BCL2L10;SLC20A1;BNIP3L;CASP1;HGF,0.010993843447669306,0.006809090135330666,True,True,True,False,not_significant_in_both
Mareckova_E-MTAB-14039,dStromal_early,HALLMARK_HEDGEHOG_SIGNALING,28,0.376868031820519,1.2429439559870277,0.17625899280575538,DPYSL2;MYH9;NRP2;ETS2;CNTFR;AMOT;CRMP1;CELSR1;NRP1,0.2592044011849344,0.28894916853402525,False,False,Huang_GSE214411,29,0.20659427223259375,0.7430812975102027,0.8641425389755011,ACHE;VLDLR;VEGFA;PML,0.8882309400444115,0.884131366338646,False,False,True,False,not_significant_in_both
Mareckova_E-MTAB-14039,dStromal_early,HALLMARK_PEROXISOME,87,-0.26186465200553766,-1.145781958718511,0.2025,CAT;GNPAT;SLC35B2;PEX11B;PEX11A;RDH11;SOD1;IDH2;ACOX1;CADM1;ERCC1;PRDX5;CLN6;SCP2;HSD17B11;MLYCD;FIS1;IDI1;ISOC1;CACNA1B;HMGCL;PEX13;CRABP2;ACAA1;PEX2;ECI2;SLC25A17;ACSL1;CTPS1;ALDH9A1,0.2892857142857143,0.3227091633466136,False,False,Huang_GSE214411,88,-0.22839678386292706,-0.9856248729084055,0.5042158516020236,GSTK1;PRDX1;DHRS3;TSPO;CRAT;ISOC1;MLYCD;SLC25A19;IDE;SEMA3C;CLN6;PEX11A;VPS4B;SMARCC1;GNPAT;ALDH9A1;ACAA1;ACSL5;HRAS;CAT;FIS1;YWHAH;PEX11B;TOP2A;ABCD2;EHHADH;RETSAT,0.6302698145025295,0.5602398351133596,False,False,True,False,not_significant_in_both
Mareckova_E-MTAB-14039,dStromal_early,HALLMARK_PI3K_AKT_MTOR_SIGNALING,91,0.2783530467611491,1.1572704029790017,0.21766561514195584,FGF22;CDK1;PLCB1;RPS6KA1;CAMK4;MAPKAP1;STAT2;CDK2;MAP2K6;E2F1;ADCY2;HSP90B1;GNA14;MAP2K3;CXCR4;PFN1;TIAM1;PIK3R3;MYD88;CDKN1A;PTEN,0.30231335436382756,0.3427804962865446,False,False,Huang_GSE214411,94,0.2802466919108223,1.2530149367652441,0.11358024691358025,CDKN1A;PDK1;MKNK2;RPS6KA3;MAPK1;EIF4E;ARF1;MAP2K3;ARPC3;SLC2A1;AKT1;PIKFYVE;UBE2D3;ATF1;CSNK2B;NFKBIB;SQSTM1;MAPK8;UBE2N;TRIB3;CAB39;EGFR;RAF1;PAK4;DDIT3;NGF;MAP3K7;CDK1;DUSP3;CDKN1B;TBK1,0.18930041152263374,0.15297002951323938,True,True,True,False,not_significant_in_both
Mareckova_E-MTAB-14039,dStromal_early,HALLMARK_INFLAMMATORY_RESPONSE,98,0.2713154712096333,1.1261452058408263,0.2570951585976628,IFITM1;TNFSF10;MMP14;IL18R1;BST2;LIF;AHR;ICAM1;CX3CL1;LDLR;LYN;IL1R1;OSMR;TNFRSF1B;SEMA4D;SPHK1;MXD1;HIF1A;RIPK2;ABCA1,0.3474258899968416,0.38801209264681374,False,False,Huang_GSE214411,128,0.5216896873766871,2.48326705286532,0.002638522427440633,MYC;ADM;SERPINE1;HBEGF;CDKN1A;NAMPT;IL18R1;CALCRL;TNFAIP6;MMP14;IL2RB;CD48;ATP2A2;OSMR;ABCA1;GCH1;MXD1;ABI1;AXL;ITGA5;CD40;HRH1;TNFSF9;BDKRB1;IFNGR2;ACVR1B;SPHK1;FZD5;IL1R1;GPR183;BTG2;CD55;PDPN;NFKB1;IL15RA;EDN1;IL15;F3;PTGER4;HIF1A;EMP3;SRI;KLF6;RAF1;IL1B;IL4R;RGS1;GNAI3;CCL20,0.010993843447669306,0.006809090135330666,True,True,True,False,not_significant_in_both
Mareckova_E-MTAB-14039,dStromal_early,HALLMARK_COMPLEMENT,135,0.24714655084718365,1.0892018308016072,0.28110599078341014,DUSP6;CTSV;CLU;ERAP2;C3;CASP10;MMP14;APOC1;PLSCR1;SRC;LTA4H;LGMN;ANG;TFPI2,0.3698763036623818,0.4133911629167796,False,False,Huang_GSE214411,152,0.30604421098458184,1.4731428815878742,0.007653061224489796,SERPINE1;APOC1;DUSP5;FDX1;DYRK2;MMP14;PIM1;PLAT;ACTN2;GZMB;FYN;PREP;CEBPB;FN1;CXCL1;PPP4C;LGALS3;GNB2;FCER1G;CD55;CTSH;CASP7;CASP3;PPP2CB;F3;DOCK10;PIK3CA;MAFF;CASP1;XPNPEP1;HSPA1A;KYNU;F10;S100A13;CBLB;RCE1;RAF1;APOBEC3G;GNAI3;TIMP2;GNB4;ERAP2;EHD1;PLAUR;LAMP2;PLSCR1;CASP9,0.019132653061224487,0.014508172937421415,True,True,True,False,not_significant_in_both
Mareckova_E-MTAB-14039,dStromal_early,HALLMARK_NOTCH_SIGNALING,30,0.32653838640170363,1.095828550535463,0.3252788104089219,CCND1;FBXW11;NOTCH3;ST3GAL6;MAML2;NOTCH2,0.4065985130111524,0.4533621690896712,False,False,Huang_GSE214411,32,0.5330833763359527,1.9148833948880655,0.004301075268817204,HES1;DLL1;DTX1;FZD7;WNT2;FZD5;PPARD;MAML2;TCF7L2;KAT2A;SAP30;APH1A;CUL1;PRKCA;NOTCH1;NOTCH2,0.013958682300390844,0.008868196430550937,True,True,True,False,not_significant_in_both
Mareckova_E-MTAB-14039,dStromal_early,HALLMARK_IL6_JAK_STAT3_SIGNALING,54,0.2772748726676119,1.0303992216275941,0.43423423423423424,ITGA4;IL18R1;A2M;STAT2;STAT1;TNFRSF21;CXCL13;CNTFR;CD9;IL1R1;OSMR;TNFRSF1B;IL6ST;PTPN1;MYD88;MAP3K8;LEPR;CSF1;GRB2;IL13RA1,0.5049235281793422,0.5567105567105567,False,False,Huang_GSE214411,65,0.4522687383122712,1.9016072496614773,0.0024752475247524753,TGFB1;IL18R1;PIM1;TNFRSF12A;OSMR;CXCL1;HMOX1;IFNGR2;STAT3;ACVR1B;IL3RA;IL1R1;IFNGR1;SOCS1;IL15RA;SOCS3;HAX1;PTPN1;CD44;IL1B;IL4R;IRF9;MAP3K8,0.010993843447669306,0.006809090135330666,True,True,True,False,not_significant_in_both
Mareckova_E-MTAB-14039,dStromal_early,HALLMARK_HYPOXIA,161,0.20868804067977503,0.9406447209982993,0.6043276661514683,MT1E;STC1;TES;SDC4;PAM;MT2A;GYS1;SLC37A4;MYH9;BGN;ETS1;AK4;PHKG1;PDK3;NEDD4L;P4HA1;GPI;IGFBP3;TGFBI;AMPD3;SDC3;TGM2;HK2;CXCR4;KIF5A;LXN;CHST3;FOXO3;COL5A1;GCNT2;NFIL3;TPD52;IRS2;PFKP;CDKN1A;GLRX;SRPX;SLC25A1,0.6568778979907264,0.6906601898873923,False,False,Huang_GSE214411,173,0.45823007089747103,2.2758099939544922,0.002403846153846154,ADM;IDS;SLC2A3;ERRFI1;SERPINE1;CDKN1A;JMJD6;PDK1;TIPARP;BTG1;CDKN1C;BHLHE40;IGFBP3;CCN2;FOSL2;PFKFB3;PIM1;IRS2;AKAP12;SLC6A6;DCN;VLDLR;SLC2A1;ANGPTL4;HAS1;HMOX1;ALDOA;FAM162A;VEGFA;GBE1;ENO1;NDRG1;TGFB3;IER3;SDC4;ATF3;KDM3A;ENO2;LDHA;TPST2;CITED2;P4HA1;RBPJ;ZFP36;SIAH2;F3;TGM2;AK4;PGK1;MXI1;MAFF;BNIP3L;XPNPEP1;UGP2;PGM1;FOS;EGFR;WSB1;SAP30;PGM2;KLF6;KLHL24;NFIL3;GPI;GRHPR;DDIT3;PDK3;NOCT;PRKCA;HK2;PLAUR;DTNA;GAPDH;RORA;CDKN1B,0.010993843447669306,0.006809090135330666,True,True,True,False,not_significant_in_both
Mareckova_E-MTAB-14039,dStromal_early,HALLMARK_P53_PATHWAY,167,0.1935323000890173,0.8732276477254505,0.7615262321144675,S100A10;VAMP8;CDKN2A;PERP;ABAT;KRT17;F2R;TM4SF1;FGF13;RETSAT;GM2A;LIF;POM121;CCND2;CCP110;DNTTIP2;DDB2;APP;ERCC5;CDKN2B;TPD52L1;SAT1;PRKAB1;SPHK1;MXD1;FOXO3;RALGDS;ELP1;NOL8;BLCAP;HSPA4L;CDKN1A,0.777067583790273,0.8122946475887652,False,False,Huang_GSE214411,180,0.338275183979172,1.708256434545324,0.0024630541871921183,TGFB1;ZFP36L1;RRAD;KLF4;HBEGF;CDKN1A;IER5;SLC3A2;GADD45A;BMP2;SAT1;BTG1;CDKN2AIP;EPHA2;TOB1;MKNK2;HEXIM1;PPM1D;SLC19A2;RPL36;PDGFA;MXD1;CTSF;HMOX1;TNFSF9;FAM162A;SLC35D1;PLK3;ACVR1B;IFI30;SPHK1;NDRG1;IER3;SERTAD3;ATF3;BTG2;EPHX1;SOCS1;RAP2B;CASP1;PLK2;BAIAP2;CSRNP2;TRIB3;UPP1;FOS;VWA5A;CDKN2B;STOM;RPS12;CCNK;RPL18;DDIT3;CCND3;NOTCH1;DRAM1;SESN1,0.010993843447669306,0.006809090135330666,True,True,True,False,not_significant_in_both
Mareckova_E-MTAB-14039,dStromal_early,HALLMARK_ANGIOGENESIS,24,0.6341947630278383,1.9651634446222985,0.0018050541516245488,SPP1;POSTN;STC1;FSTL1;CCND2;TNFRSF21;FGFR1;APP;SERPINA5;ITGAV;NRP1;VAV2;LUM;VEGFA;KCNJ8;MSX1,0.009025270758122744,0.011757789535567314,True,True,Huang_GSE214411,28,-0.20109192835693845,-0.6763035740703564,0.9142857142857143,VCAN;KCNJ8;SPP1;SERPINA5,0.9142857142857143,0.9235209235209235,False,False,False,False,not_significant_in_both
Mareckova_E-MTAB-14039,dStromal_early,HALLMARK_APICAL_JUNCTION,141,0.4415917912096674,1.9542209623577251,0.0015527950310559005,VWF;CDH1;MPZL2;CLDN4;ITGA2;TRO;CNN2;CLDN7;ITGA9;MYH9;JUP;ITGA3;SRC;ACTN4;CNTN1;ICAM1;EPB41L2;CX3CL1;GTF2F1;ZYX;RSU1;B4GALT1;MYL9;SIRPA;INSIG1;SYMPK;TGFBI;CALB2;SDC3;CD34;PPP2R2C;MYH10;CD276;NF2;ITGB1;PFN1;ACTN1;JAM3;MSN;SHROOM2;PIK3R3;LAMA3;LAYN;STX4;VAV2;PTEN;PIK3CB;MMP2;BAIAP2;EXOC4;ADAM9;CTNND1;NLGN3;DHX16;RHOF;WNK4,0.009025270758122744,0.011689070718877849,True,True,Huang_GSE214411,154,-0.17607816593657566,-0.8310442620770337,0.8704663212435233,EPB41L2;HADH;TMEM8B;TJP1;HRAS;MYL9;VCAN;BMP1;LDLRAP1;PIK3R3;SKAP2;TAOK2;NEXN;LAMA3;YWHAH;ITGB1;THY1;INPPL1;TUBG1;NECTIN1;SHROOM2;ITGA2;VWF,0.8882309400444115,0.8872245427048826,False,False,False,False,not_significant_in_both
Mareckova_E-MTAB-14039,dStromal_early,HALLMARK_FATTY_ACID_METABOLISM,129,-0.33419917299710816,-1.5868237464828496,0.002631578947368421,LDHA;ALDH1A1;LGALS1;HSD17B10;CBR1;AADAT;SDHC;MCEE;ACADM;FASN;IDH3B;ACAA2;BPHL;HSP90AA1;CRAT;ETFDH;ECI1;APEX1;NTHL1;GABARAPL1;HIBCH;MDH1;PPARA;ACADS;RDH11;NSDHL;ECHS1;PTPRG;UGDH;PTS;ACOX1;GLUL;GSTZ1;IDH3G;ACAT2;FH;ERP29;SUCLG1;D2HGDH;UROS;ALDH3A2;HSD17B11;MLYCD;EPHX1;SUCLA2;PDHB;HCCS;SDHD;PRDX6;IDI1;HMGCL;PDHA1;ENO3;ACAA1;GCDH;ECI2;SMS;ACADVL;DECR1;ACSL1;SDHA;GRHPR;HADHB;OSTC;ODC1;ALDH9A1;ACOT2;CA4,0.011961722488038277,0.01564455569461827,True,True,Huang_GSE214411,133,0.2324411452720111,1.1117197669791528,0.21794871794871795,APEX1;MCEE;UGDH;IDI1;PRDX6;SMS;ALDOA;MDH1;GABARAPL1;TP53INP2;SUCLG2;ENO2;LDHA;PTS;ACADVL;EPHX1;HSP90AA1;DLST;HSPH1;HSD17B11;AUH;HADHB;GLUL;ACADM;HMGCS1;SDHD;LTC4S;SDHA;CPOX;GRHPR;ACOX1,0.3205128205128205,0.2741493307531043,False,False,False,False,not_significant_in_both
Mareckova_E-MTAB-14039,dStromal_early,HALLMARK_ESTROGEN_RESPONSE_LATE,142,0.34010430952193416,1.5059594987791327,0.007898894154818325,AGR2;CXCL14;CDH1;ASS1;SGK1;CCND1;PERP;HSPB8;TOP2A;CDC20;SCNN1A;STIL;HOMER2;ID2;TFPI2;FLNB;SLC29A1;SLC7A5;PDCD4;CD9;SNX10;SLC22A5;IGFBP4;CDC6;SLC24A3;SERPINA5;XRCC3;TST;ATP2B4;CA2;DLG5;PLXNB1;TPD52L1;WFS1;TFAP2C;IL6ST;PLK4;TIAM1;ALDH3B1;RAPGEFL1;AMFR;RPS6KA2;PLAAT3;MOCS2;ITPK1;HSPA4L;DHCR7;RABEP1;ANXA9;MYOF;DNAJC12,0.0232320416318186,0.028464483440786753,True,True,Huang_GSE214411,163,-0.22465901931374044,-1.0672899583272724,0.30633802816901406,RAPGEFL1;XRCC3;CELSR2;SORD;WFS1;AGR2;FARP1;PKP3;PGR;TOP2A;SLC26A2;SERPINA5;TFF3;MOCS2;UNC13B;HOMER2;SEMA3B;TST;CA12;CCND1;RPS6KA2;SLC1A4;SCNN1A,0.4232771054116761,0.3668718900227714,False,False,False,False,not_significant_in_both
Mareckova_E-MTAB-14039,dStromal_early,HALLMARK_PANCREAS_BETA_CELLS,15,-0.5442137156761453,-1.5797332359560052,0.034261241970021415,SRP9;SPCS1;SRPRB;NKX6-1;PAK3;SEC11A;MAFB;CHGA,0.08157438564290813,0.09075825687422891,True,True,Huang_GSE214411,18,0.3565862655039054,1.107637232076382,0.31322505800464034,MAFB;AKT3;STXBP1;FOXO1,0.4232771054116761,0.37288697381504804,False,False,False,False,not_significant_in_both
Mareckova_E-MTAB-14039,dStromal_early,HALLMARK_BILE_ACID_METABOLISM,78,-0.3029450255963854,-1.3039656304878282,0.06510416666666667,CAT;GCLM;GNPAT;SLC35B2;FDXR;PEX11A;SOD1;CYP46A1;IDH2;PEX7;CYP27A1;PRDX5;SCP2;HSD17B11;MLYCD;HACL1;IDI1;ISOC1;SOAT2;PEX16;PEX11G;PEX13;PAOX;DIO2;PHYH;PNPLA8;ACSL1;HSD17B6;EFHC1;PXMP2;SLC27A5;ALDH9A1,0.146484375,0.15052986512524086,True,True,Huang_GSE214411,82,0.2186373398167778,0.955217043690147,0.5497737556561086,SLC23A2;CH25H;ABCA8;IDI1;ABCA1;PNPLA8;HSD17B6;NPC1;SLC35B2;HSD17B11;TTR;ABCA2;SCP2;PXMP2;PEX7,0.6704557995806203,0.60084563459684,False,False,False,False,not_significant_in_both
Mareckova_E-MTAB-14039,dStromal_early,HALLMARK_APICAL_SURFACE,27,0.4534223972908631,1.4226224789021178,0.07536764705882353,FLOT2;ATP8B1;CX3CL1;EFNA5;B4GALT1;LYN;HSPB1;APP;ADIPOR2;SHROOM2;AKAP7;SRPX,0.15073529411764705,0.16384271099744244,True,True,Huang_GSE214411,32,-0.27981930570163926,-0.9672763966637843,0.4897579143389199,AKAP7;NCOA6;TMEM8B;ATP8B1;THY1;BRCA1;SHROOM2;NTNG1,0.6278947619729742,0.5472155467473966,False,False,False,False,not_significant_in_both
Mareckova_E-MTAB-14039,dStromal_early,HALLMARK_SPERMATOGENESIS,65,0.2824125693449757,1.0993392608814638,0.31088082901554404,ACE;CCNB2;CDK1;CAMK4;CDKN3;DBF4;CSNK2A2;TLE4;AURKA;NPHP1;PARP2;NF2;RAD17;TTK;SNAP91;JAM3,0.3985651654045436,0.4441154700222058,False,False,Huang_GSE214411,70,-0.31633122063398544,-1.3030538836970744,0.09386281588447654,POMC;IDE;PCSK1N;TEKT2;NEFH;VDAC3;GMCL1;MAP7;SEPTIN4;PHKG2;CLPB;DBF4;PHF7;COIL;MTOR;CAMK4;SNAP91;ACE;PARP2,0.16183244118013196,0.13127666557269446,True,True,False,False,not_significant_in_both
Mareckova_E-MTAB-14039,dStromal_early,HALLMARK_UV_RESPONSE_UP,132,-0.222834046427981,-1.046655248796369,0.3564102564102564,HSPA13;STK25;NR4A1;FEN1;IGFBP2;PDAP1;TMBIM6;MGAT1;CDC34;BTG1;AP2S1;CEBPG;FKBP4;BID;EPHX1;POLG2;CLCN2;BCL2L11;PPP1R2;ASNS;ACAA1;NPTXR;NXF1;CLTB;NAT1;HLA-F;CCNE1;HSPA2;FOS;AQP3;RHOB;JUNB;SULT1A1;FOSB,0.43464665415884934,0.48163548163548164,False,False,Huang_GSE214411,142,0.3742545605436407,1.8162395288013333,0.0024691358024691358,DLG4;RRAD;GRINA;FOSB;DNAJA1;BMP2;DDX21;BTG1;CDKN1C;GLS;MMP14;AMD1;BTG3;DNAJB1;POLG2;EIF2S3;BCL2L11;GCH1;SLC6A12;HSPA13;HMOX1;ALDOA;NR4A1;ATF3;ENO2;NUP58;CEBPG;BTG2;EPHX1;NPTX2;CLCN2;SQSTM1;CASP3;AQP3;GGH;NXF1;AGO2;FOS;KLHDC3;CDKN2B;ATP6V1C1;SLC6A8;CCND3;JUNB;STIP1;TMBIM6,0.010993843447669306,0.006809090135330666,True,True,False,False,not_significant_in_both
Mareckova_E-MTAB-14039,dStromal_early,HALLMARK_TGF_BETA_SIGNALING,53,-0.26470421351110773,-1.0443164967724057,0.37708830548926014,ID1;KLF10;FKBP1A;SMAD3;CDK9;FNTA;JUNB;SMURF2;SMAD7,0.4489146493919764,0.49780634388021144,False,False,Huang_GSE214411,54,0.5421612343382742,2.212093630386544,0.002325581395348837,SMAD7;TGFB1;THBS1;KLF10;SERPINE1;TGIF1;BMP2;SKIL;CDKN1C;ID2;WWTR1;SMURF2;IFNGR2;UBE2D3;CTNNB1;SLC20A1;SMAD3;ID1;LEFTY2;SKI;SMAD6,0.010993843447669306,0.006809090135330666,True,True,False,False,not_significant_in_both
Mareckova_E-MTAB-14039,dStromal_early,HALLMARK_GLYCOLYSIS,161,-0.19990988299979295,-0.980911835427977,0.5070422535211268,TALDO1;GALK2;MPI;B4GALT2;GALE;RPE;ENO1;SAP30;MDH1;SDC2;UGP2;NASP;LHPP;PPP2CB;SOD1;NSDHL;PAXIP1;PHKA2;GLCE;GMPPA;CASP6;CLN6;SLC35A3;PSMC4;KDELR3;AGL;RBCK1;FKBP4;HAX1;CD44;DDIT4;GALK1;ALDH7A1;B4GALT4;AKR1A1;B4GALT7;ANKZF1;GUSB;TFF3;COPB2;ABCB6;CHST12;PGAM1;P4HA2;CACNA1H;NOL3;CHST2;ALDH9A1;TXN;NT5E,0.5668422372711311,0.6221377343817507,False,False,Huang_GSE214411,167,0.23610140300368992,1.1635856654651928,0.15789473684210525,SLC16A3;PHKA2;IGFBP3;EGLN3;GNE;IRS2;DCN;VLDLR;ANGPTL4;ALDOA;FAM162A;AK3;VEGFA;ENO1;MDH1;ALDH7A1;GALK2;IER3;ENO2;LDHA;CITED2;P4HA1;HOMER1;PPP2CB;SLC35A3;AK4;PGK1;MXI1;EXT2;UGP2;EGFR;HAX1;TPST1;SAP30;PGM2;ARPP19;CD44;B4GALT4;PDK3;CACNA1H;B4GALT1;BPNT1;IDUA;HK2;PRPS1;CDK1,0.24671052631578946,0.20308004738534438,True,True,False,False,not_significant_in_both
Mareckova_E-MTAB-14039,dStromal_early,HALLMARK_WNT_BETA_CATENIN_SIGNALING,37,-0.2584248080475353,-0.956904232224175,0.510158013544018,JAG1;WNT6;TCF7;MYC;GNAI1,0.5668422372711311,0.6240464997480343,False,False,Huang_GSE214411,39,0.49873807937145476,1.8847904702899003,0.0022988505747126436,MYC;CSNK1E;DLL1;DVL2;MAML1;FZD8;CTNNB1;PPARD;RBPJ;HDAC2;NUMB;KAT2A;ADAM17;CUL1;NOTCH1;TCF7;AXIN1;HDAC5,0.010993843447669306,0.006809090135330666,True,True,False,False,not_significant_in_both
Mareckova_E-MTAB-14039,dStromal_early,HALLMARK_REACTIVE_OXYGEN_SPECIES_PATHWAY,45,-0.22623921150202214,-0.8925586491972652,0.6851851851851852,FTL;PDLIM1;GLRX2;PRDX4;NDUFA6;ATOX1;CAT;GCLM;SELENOS;STK25;HMOX2;SOD1;TXNRD2;EGLN2;PRDX2;PRDX6;NDUFS2;JUNB;TXN,0.7289204097714737,0.7550249974492399,False,False,Huang_GSE214411,45,0.2858026902173106,1.0955864224944203,0.28602620087336245,LSP1;GSR;PRDX6;SCAF4;NDUFB4;FTL;GLRX2;GCLM;ABCC1;GPX4;CDKN2D;JUNB,0.4086088583905178,0.343575016064099,False,False,False,False,not_significant_in_both
Mareckova_E-MTAB-14039,dStromal_early,HALLMARK_PROTEIN_SECRETION,93,-0.19699994226987505,-0.8755054469228436,0.72544080604534,USO1;GOSR2;RAB14;SOD1;SSPN;VAMP3;ADAM10;BNIP3;TMED10;AP2S1;AP2M1;RER1;TSG101;TMED2;CLTA;SNX2;DST;CD63;CLN5;YIPF6;COPB2;AP3S1;SEC24D,0.7556675062972292,0.7872097449562239,False,False,Huang_GSE214411,93,0.201533637750598,0.9047945356266469,0.6930232558139535,RPS6KA3;BNIP3;MAPK1;ARF1;ABCA1;STX12;SEC24D;ADAM10;GLA;AP1G1;ATP1A1;STX16;OCRL;CLN5;MON2;EGFR;RAB22A;ARFGEF2,0.7875264270613108,0.7392248062015504,False,False,False,False,not_significant_in_both
Mareckova_E-MTAB-14039,dStromal_early,HALLMARK_MYC_TARGETS_V2,56,-0.17659301351711187,-0.7138980198016607,0.9484777517564403,RRP9;RABEPK;NOP56;FARSA;MRTO4;AIMP2;RCL1;GRWD1;SRM;NOC4L;NDUFAF4;NIP7;PPAN;TFB2M;NPM1;BYSL;IMP4;MYC;WDR74,0.9484777517564403,0.9629215753872491,False,False,Huang_GSE214411,55,0.21491320999230548,0.8642666909233654,0.7379310344827587,MYC;TFB2M;NPM1,0.8187695368002272,0.7808794015690568,False,False,False,False,not_significant_in_both
