dataset_id,cell_type,pathway,set_size,ES,NES,nominal_p_value,leading_edge_genes,FDR,global_dataset_FDR,significant_fdr_0_25,significant_global_dataset_fdr_0_25,msigdb_version,gmt_url
Mareckova_E-MTAB-14039,dStromal_early,HALLMARK_INTERFERON_ALPHA_RESPONSE,84,0.5008978758668703,2.0434121780961045,0.0017035775127768314,IFITM1;CD74;EPSTI1;HERC6;IFI44L;RSAD2;MX1;PLSCR1;BST2;CASP8;STAT2;GBP2;NUB1;UBA7;GBP4;IFI27;TRIM14;CMTR1;SP110;USP18;TRIM25;GMPR;DDX60;RNF31;RIPK2;IFI44;HLA-C;IFITM2;SLC25A28,0.009025270758122744,0.011689070718877849,True,True,2026.1.Hs,https://data.broadinstitute.org/gsea-msigdb/msigdb/release/2026.1.Hs/h.all.v2026.1.Hs.symbols.gmt
Mareckova_E-MTAB-14039,dStromal_early,HALLMARK_ANGIOGENESIS,24,0.6341947630278383,1.9651634446222985,0.0018050541516245488,SPP1;POSTN;STC1;FSTL1;CCND2;TNFRSF21;FGFR1;APP;SERPINA5;ITGAV;NRP1;VAV2;LUM;VEGFA;KCNJ8;MSX1,0.009025270758122744,0.011757789535567314,True,True,2026.1.Hs,https://data.broadinstitute.org/gsea-msigdb/msigdb/release/2026.1.Hs/h.all.v2026.1.Hs.symbols.gmt
Mareckova_E-MTAB-14039,dStromal_early,HALLMARK_APICAL_JUNCTION,141,0.4415917912096674,1.9542209623577251,0.0015527950310559005,VWF;CDH1;MPZL2;CLDN4;ITGA2;TRO;CNN2;CLDN7;ITGA9;MYH9;JUP;ITGA3;SRC;ACTN4;CNTN1;ICAM1;EPB41L2;CX3CL1;GTF2F1;ZYX;RSU1;B4GALT1;MYL9;SIRPA;INSIG1;SYMPK;TGFBI;CALB2;SDC3;CD34;PPP2R2C;MYH10;CD276;NF2;ITGB1;PFN1;ACTN1;JAM3;MSN;SHROOM2;PIK3R3;LAMA3;LAYN;STX4;VAV2;PTEN;PIK3CB;MMP2;BAIAP2;EXOC4;ADAM9;CTNND1;NLGN3;DHX16;RHOF;WNK4,0.009025270758122744,0.011689070718877849,True,True,2026.1.Hs,https://data.broadinstitute.org/gsea-msigdb/msigdb/release/2026.1.Hs/h.all.v2026.1.Hs.symbols.gmt
Mareckova_E-MTAB-14039,dStromal_early,HALLMARK_G2M_CHECKPOINT,174,0.42805518380519847,1.938169348190056,0.0014947683109118087,NUSAP1;BIRC5;UBE2C;PTTG1;KNL1;CCND1;MT2A;CENPF;TPX2;PRC1;MKI67;SLC38A1;CCNA2;TOP2A;CDC20;CCNB2;CDK1;KIF20B;STIL;KIF23;CDKN3;CDC7;MCM5;CKS2;EFNA5;DBF4;AURKA;NUP50;E2F1;RBL1;TACC3;MEIS2;SLC7A5;NOTCH2;CENPE;INCENP;KIF11;CDC6;STAG1;RPS6KA5;HMMR;TTK;TENT4A;HIRA;MAD2L1;MCM2;CBX1;PLK4;RACGAP1;HIF1A;TOP1;NCL;UPF1;HUS1;SMC4,0.009025270758122744,0.011689070718877849,True,True,2026.1.Hs,https://data.broadinstitute.org/gsea-msigdb/msigdb/release/2026.1.Hs/h.all.v2026.1.Hs.symbols.gmt
Mareckova_E-MTAB-14039,dStromal_early,HALLMARK_INTERFERON_GAMMA_RESPONSE,148,0.41319677553264855,1.830262034860619,0.0015384615384615385,CD74;HLA-DRB1;EPSTI1;VAMP8;IRF8;MX2;HERC6;MT2A;IFI44L;TNFSF10;HLA-DMA;RSAD2;MX1;PLSCR1;BST2;OAS2;SAMHD1;XAF1;CASP8;ICAM1;STAT2;MTHFD2;STAT1;P2RY14;GBP4;OAS3;ST3GAL5;IFI27;TRIM14;IFIT1;CMTR1;SP110;USP18;TRIM25;ARID5B;DDX60;RNF31;HIF1A;CASP7;RIPK2;IFI44;PTPN1;IFITM2;SLC25A28;PFKP;SERPING1;MYD88;CDKN1A;ADAR,0.009025270758122744,0.011689070718877849,True,True,2026.1.Hs,https://data.broadinstitute.org/gsea-msigdb/msigdb/release/2026.1.Hs/h.all.v2026.1.Hs.symbols.gmt
Mareckova_E-MTAB-14039,dStromal_early,HALLMARK_KRAS_SIGNALING_UP,135,0.406605962670314,1.7919568670379555,0.0015360983102918587,SPP1;DUSP6;TSPAN1;MPZL2;ACE;ITGA2;MMP11;IL33;IRF8;GUCY1A1;APOD;SLPI;JUP;F13A1;LIF;ADGRL4;GABRA3;TSPAN7;ETS1;GALNT3;ST6GAL1;CCND2;ID2;ALDH1A2;ETV1;IGFBP3;GPRC5B;LCP1;TRIB2;FGF9;PRDM1;CXCR4;PRRX1;ETV5;CA2;SNAP91;PEG3;TNFRSF1B;ADGRA2;ANO1,0.009025270758122744,0.011689070718877849,True,True,2026.1.Hs,https://data.broadinstitute.org/gsea-msigdb/msigdb/release/2026.1.Hs/h.all.v2026.1.Hs.symbols.gmt
Mareckova_E-MTAB-14039,dStromal_early,HALLMARK_COAGULATION,84,0.4354841903514959,1.7765571403003542,0.0017035775127768314,DUSP6;VWF;CTSV;CLU;ITGA2;MMP11;C3;MMP14;P2RY1;APOC1;HTRA1;A2M;LTA4H;LGMN;ANG;TFPI2;MMP7;PROS1;CFI;CD9;CTSK;RGN,0.009025270758122744,0.011689070718877849,True,True,2026.1.Hs,https://data.broadinstitute.org/gsea-msigdb/msigdb/release/2026.1.Hs/h.all.v2026.1.Hs.symbols.gmt
Mareckova_E-MTAB-14039,dStromal_early,HALLMARK_MITOTIC_SPINDLE,185,0.3625156376503288,1.669398553520717,0.0014903129657228018,NUSAP1;BIRC5;FGD4;SORBS2;CENPF;TPX2;PRC1;EZR;TOP2A;CCNB2;CDK1;KIF20B;MYH9;CNTRL;ACTN4;ANLN;KIF23;LLGL1;RFC1;PDLIM5;EPB41L2;PXN;AURKA;FLNB;CD2AP;SUN2;PREX1;ARHGAP29;NOTCH2;CENPE;MYO1E;INCENP;FGD6;CNTROB;STK38L;KIF11;MYH10;MID1;CEP192;TTK,0.009025270758122744,0.011689070718877849,True,True,2026.1.Hs,https://data.broadinstitute.org/gsea-msigdb/msigdb/release/2026.1.Hs/h.all.v2026.1.Hs.symbols.gmt
Mareckova_E-MTAB-14039,dStromal_early,HALLMARK_E2F_TARGETS,182,0.35541671779137685,1.6366225195100768,0.0015015015015015015,BIRC5;PTTG1;CDKN2A;TRIP13;MKI67;ATAD2;TOP2A;CDC20;CCNB2;CDK1;SHMT1;CDKN3;RFC3;ORC2;MCM5;RFC1;CKS2;MTHFD2;TCF19;RAD51AP1;AURKA;SPAG5;TACC3;RRM2;CENPM;CCP110;GINS4;CENPE;HELLS;NBN;STAG1;MCM4;POLD3;HMMR;GINS1;NCAPD2;MCM7;PA2G4;MAD2L1;UBE2T;LIG1;MCM2;PLK4;RACGAP1;CHEK2;TK1;HUS1;SMC4;MELK;CDKN1A;ZW10;DEK;TP53;MCM3,0.009025270758122744,0.011689070718877849,True,True,2026.1.Hs,https://data.broadinstitute.org/gsea-msigdb/msigdb/release/2026.1.Hs/h.all.v2026.1.Hs.symbols.gmt
Mareckova_E-MTAB-14039,dStromal_early,HALLMARK_EPITHELIAL_MESENCHYMAL_TRANSITION,176,0.3510967523560151,1.6147660972988578,0.0015600624024961,SPP1;POSTN;FBN2;ITGA2;SDC4;NTM;MYLK;MFAP5;FAP;MMP14;HTRA1;PTHLH;SNTB1;FSTL1;BGN;GLIPR1;LAMA2;GJA1;ID2;FBLN5;CAP2;TFPI2;SFRP1;ACTA2;MYL9;IGFBP3;COL6A3;ITGB5;NOTCH2;TGFBI;COL11A1;IGFBP4;CALD1;TGM2;THBS1;ITGB1;TAGLN;PRRX1;MCM7;COLGALT1;LOXL1;SAT1;MGP;PDGFRB;ITGAV;COL5A1;FMOD;SFRP4,0.009025270758122744,0.011689070718877849,True,True,2026.1.Hs,https://data.broadinstitute.org/gsea-msigdb/msigdb/release/2026.1.Hs/h.all.v2026.1.Hs.symbols.gmt
Mareckova_E-MTAB-14039,dStromal_early,HALLMARK_FATTY_ACID_METABOLISM,129,-0.33419917299710816,-1.5868237464828496,0.002631578947368421,LDHA;ALDH1A1;LGALS1;HSD17B10;CBR1;AADAT;SDHC;MCEE;ACADM;FASN;IDH3B;ACAA2;BPHL;HSP90AA1;CRAT;ETFDH;ECI1;APEX1;NTHL1;GABARAPL1;HIBCH;MDH1;PPARA;ACADS;RDH11;NSDHL;ECHS1;PTPRG;UGDH;PTS;ACOX1;GLUL;GSTZ1;IDH3G;ACAT2;FH;ERP29;SUCLG1;D2HGDH;UROS;ALDH3A2;HSD17B11;MLYCD;EPHX1;SUCLA2;PDHB;HCCS;SDHD;PRDX6;IDI1;HMGCL;PDHA1;ENO3;ACAA1;GCDH;ECI2;SMS;ACADVL;DECR1;ACSL1;SDHA;GRHPR;HADHB;OSTC;ODC1;ALDH9A1;ACOT2;CA4,0.011961722488038277,0.01564455569461827,True,True,2026.1.Hs,https://data.broadinstitute.org/gsea-msigdb/msigdb/release/2026.1.Hs/h.all.v2026.1.Hs.symbols.gmt
Mareckova_E-MTAB-14039,dStromal_early,HALLMARK_ALLOGRAFT_REJECTION,94,0.3835823095036496,1.6034051678073866,0.004885993485342019,CD74;HLA-DRA;SRGN;CDKN2A;IRF8;F2R;HLA-DMA;IGSF6;LIF;ETS1;ICAM1;STAT1;CCND2;GBP2;EIF3J;CXCL13;CSK;LYN,0.02035830618892508,0.02298762499521091,True,True,2026.1.Hs,https://data.broadinstitute.org/gsea-msigdb/msigdb/release/2026.1.Hs/h.all.v2026.1.Hs.symbols.gmt
Mareckova_E-MTAB-14039,dStromal_early,HALLMARK_ANDROGEN_RESPONSE,94,0.3828747964145635,1.6004477057054458,0.006514657980456026,SGK1;SCD;GUCY1A1;CCND1;DHCR24;IQGAP2;KRT8;KLK2;MAF;ABCC4;SPDEF;HOMER2;PDLIM5;B4GALT1;INSIG1;INPP4B;FADS1;SRF;GSR;RRP12;ARID5B;SAT1;STEAP4;ACTN1;PA2G4;PTK2B;ITGAV;ZMIZ1;ELK4;NCOA4,0.02171552660152009,0.02659044073655521,True,True,2026.1.Hs,https://data.broadinstitute.org/gsea-msigdb/msigdb/release/2026.1.Hs/h.all.v2026.1.Hs.symbols.gmt
Mareckova_E-MTAB-14039,dStromal_early,HALLMARK_MYC_TARGETS_V1,194,-0.2967622152952215,-1.4712304062619124,0.005934718100890208,RPL14;PTGES3;CUL1;PRPF31;SRM;PPM1G;PSMA1;SNRPD1;MRPL9;EIF4E;TUFM;RPS5;EIF2S1;CCT4;CCT7;PRDX3;CLNS1A;NDUFAB1;SNRPA1;ABCE1;PSMD3;CYC1;PSMA6;RPS3;EIF3B;PSMD8;PSMC4;ILF2;UBA2;U2AF1;CCT3;HNRNPA1;SRSF3;TCP1;CAD;COPS5;RPL18;PSMA2;SNRPD3;SRSF2;SSBP1;NPM1;YWHAQ;RPS2;HDDC2;PSMC6;PSMD7;RACK1;EXOSC7;EIF4A1;VDAC3;CTPS1;SLC25A3;AP3S1;MYC;SRSF7;EIF3D;ODC1;HPRT1;KPNA2;RPS10;PRPS2,0.02171552660152009,0.025254119578256205,True,True,2026.1.Hs,https://data.broadinstitute.org/gsea-msigdb/msigdb/release/2026.1.Hs/h.all.v2026.1.Hs.symbols.gmt
Mareckova_E-MTAB-14039,dStromal_early,HALLMARK_OXIDATIVE_PHOSPHORYLATION,200,-0.30457834576975024,-1.519703063421333,0.006430868167202572,NDUFB2;SDHC;PMPCA;GRPEL1;ACADM;NDUFV2;IDH3B;ATP5MG;ACAA2;NDUFB8;NDUFS4;COX7A2;MRPL34;ISCU;ATP5MC1;MRPS22;ACAT1;ETFDH;NDUFA6;ATP6V1F;MRPL15;ECI1;GLUD1;NDUFS6;TIMM13;ATP5PF;ATP5PO;ATP5MC3;ISCA1;UQCRH;MDH1;MPC1;ATP6V0E1;NDUFC2;ATP6V1G1;ETFB;ECHS1;ATP6V0C;MRPS30;MRPS11;IDH2;PRDX3;NDUFAB1;HTRA2;POR;TOMM22;CYC1;ATP5F1B;IDH3G;FH;SLC25A5;COX11;SUCLG1;UQCRFS1;NDUFS3;RHOT1;BDH2;SUCLA2;LDHB;COX4I1;PDHB;HCCS;SLC25A11;OAT;SDHD;COX7A2L;ABCB7;PDHA1;NDUFA9;MGST3;ACAA1;PHYH;VDAC3;ACADVL;DECR1;SLC25A3;VDAC2;NDUFV1;CYCS;NDUFS2;SDHA;ATP6V1D;HADHB;MTRF1;IDH3A;NQO2;NDUFB5;FDX1;UQCRC2;MTX2,0.02171552660152009,0.02659044073655521,True,True,2026.1.Hs,https://data.broadinstitute.org/gsea-msigdb/msigdb/release/2026.1.Hs/h.all.v2026.1.Hs.symbols.gmt
Mareckova_E-MTAB-14039,dStromal_early,HALLMARK_UNFOLDED_PROTEIN_RESPONSE,105,-0.3453841465875646,-1.559433820714872,0.0072992700729927005,EIF4A3;DCP1A;GOSR2;PDIA6;SPCS1;SRPRB;EIF4E;EIF2S1;CNOT4;KIF5B;EXOSC4;DKC1;BAG3;CEBPG;KDELR3;LSM1;RPS14;EXOSC1;DDIT4;HERPUD1;PREB;CNOT2;SERP1;EIF4A2;ASNS;NPM1;XBP1;EIF4A1;SEC11A;ATP6V0D1;YIF1A;NFYB;FUS;WIPI1;DNAJB9;CEBPB;EXOSC9,0.02281021897810219,0.027544415369783776,True,True,2026.1.Hs,https://data.broadinstitute.org/gsea-msigdb/msigdb/release/2026.1.Hs/h.all.v2026.1.Hs.symbols.gmt
Mareckova_E-MTAB-14039,dStromal_early,HALLMARK_ESTROGEN_RESPONSE_LATE,142,0.34010430952193416,1.5059594987791327,0.007898894154818325,AGR2;CXCL14;CDH1;ASS1;SGK1;CCND1;PERP;HSPB8;TOP2A;CDC20;SCNN1A;STIL;HOMER2;ID2;TFPI2;FLNB;SLC29A1;SLC7A5;PDCD4;CD9;SNX10;SLC22A5;IGFBP4;CDC6;SLC24A3;SERPINA5;XRCC3;TST;ATP2B4;CA2;DLG5;PLXNB1;TPD52L1;WFS1;TFAP2C;IL6ST;PLK4;TIAM1;ALDH3B1;RAPGEFL1;AMFR;RPS6KA2;PLAAT3;MOCS2;ITPK1;HSPA4L;DHCR7;RABEP1;ANXA9;MYOF;DNAJC12,0.0232320416318186,0.028464483440786753,True,True,2026.1.Hs,https://data.broadinstitute.org/gsea-msigdb/msigdb/release/2026.1.Hs/h.all.v2026.1.Hs.symbols.gmt
Mareckova_E-MTAB-14039,dStromal_early,HALLMARK_TNFA_SIGNALING_VIA_NFKB,154,-0.30486808816039634,-1.4746628090628127,0.008875739644970414,NAMPT;SPSB1;TRIB1;MCL1;NR4A1;NFAT5;YRDC;KLF6;RNF19B;EHD1;HBEGF;SLC2A6;DENND5A;MAFF;ZFP36;BTG1;RELB;CCNL1;KLF2;PANX1;KLF10;CD44;BCL6;F3;DNAJB4;JAG1;ACKR3;EIF1;SMAD3;TIPARP;GADD45B;KLF4;PLAU;IER2;MYC;EGR1;ATP2B1;FOS;RHOB;TNIP2;JUNB;IER5;PLAUR;CEBPB;FOSB;SOCS3;JUN;DUSP1,0.02465483234714004,0.030605998775760052,True,True,2026.1.Hs,https://data.broadinstitute.org/gsea-msigdb/msigdb/release/2026.1.Hs/h.all.v2026.1.Hs.symbols.gmt
Mareckova_E-MTAB-14039,dStromal_early,HALLMARK_ADIPOGENESIS,183,-0.26563140442988764,-1.3068101323609018,0.018461538461538463,NKIRAS1;CAT;ATP5PO;SLC5A6;HIBCH;GBE1;UCK1;PPP1R15B;ACADS;ETFB;SOD1;ECHS1;UBC;TKT;ACOX1;PRDX3;NDUFAB1;SSPN;CMPK1;PIM3;JAGN1;POR;CYC1;IDH3G;GHITM;SUCLG1;SCP2;LAMA4;NDUFS3;DHRS7B;BAZ2A;BCL6;QDPR;PREB;FAH;DRAM2;MTCH2;MGST3;COQ9;CD151;RAB34;SLC66A3;PHYH;DECR1;COQ5;IDH3A;OMD;ELMOD3;SOWAHC;PGM1;PHLDB1;DNAJB9;SULT1A1;SAMM50;DNAJC15,0.048582995951417005,0.053511705685618735,True,True,2026.1.Hs,https://data.broadinstitute.org/gsea-msigdb/msigdb/release/2026.1.Hs/h.all.v2026.1.Hs.symbols.gmt
Mareckova_E-MTAB-14039,dStromal_early,HALLMARK_UV_RESPONSE_DN,134,0.3165132254752804,1.4133561056172126,0.02377179080824089,MT1E;PTPRM;TGFBR2;EFEMP1;CACNA1A;PTGFR;ADGRL2;WDR37;PDLIM5;APBB2;GJA1;SCN8A;FBLN5;CAP2;INSIG1;CELF2;INPP4B;LDLR;RUNX1;NOTCH2;SFMBT1;ERBB2;COL11A1;KIT;IGF1R;ATP2B4;TENT4A;PDGFRB;ANXA4;ZMIZ1;PRDM2;PIK3R3;NRP1;YTHDC1;VAV2;PTEN;SYNE1;NFKB1;TFPI;MMP16;PIAS3;ATP2C1;AMPH;ABCC1;SYNJ2,0.059429477020602216,0.06649451974333116,True,True,2026.1.Hs,https://data.broadinstitute.org/gsea-msigdb/msigdb/release/2026.1.Hs/h.all.v2026.1.Hs.symbols.gmt
Mareckova_E-MTAB-14039,dStromal_early,HALLMARK_PANCREAS_BETA_CELLS,15,-0.5442137156761453,-1.5797332359560052,0.034261241970021415,SRP9;SPCS1;SRPRB;NKX6-1;PAK3;SEC11A;MAFB;CHGA,0.08157438564290813,0.09075825687422891,True,True,2026.1.Hs,https://data.broadinstitute.org/gsea-msigdb/msigdb/release/2026.1.Hs/h.all.v2026.1.Hs.symbols.gmt
Mareckova_E-MTAB-14039,dStromal_early,HALLMARK_ESTROGEN_RESPONSE_EARLY,157,0.29113881895017635,1.2923412828463485,0.0703125,KRT18;CCND1;ABAT;ELF3;MYBL1;PODXL;HSPB8;KRT8;CLDN7;SCNN1A;ZNF185;GJA1;FLNB;MREG;MUC1;B4GALT1;SLC7A5;WWC1;KAZN;MYBBP1A;DEPTOR;CALB2;SLC22A5;IGFBP4;MED24;TGM2;SLC24A3;CANT1;IGF1R;RRP12;GAB2;TPD52L1;WFS1;CELSR1;TFAP2C;IL6ST;TIAM1;ALDH3B1;RAPGEFL1;AKAP1;AMFR;RPS6KA2;PMAIP1,0.146484375,0.15980113636363635,True,True,2026.1.Hs,https://data.broadinstitute.org/gsea-msigdb/msigdb/release/2026.1.Hs/h.all.v2026.1.Hs.symbols.gmt
Mareckova_E-MTAB-14039,dStromal_early,HALLMARK_IL2_STAT5_SIGNALING,150,0.2878567140647319,1.2752302213681674,0.0696594427244582,SPP1;IRF8;TNFSF10;IL18R1;PLSCR1;ENPP1;LIF;AHR;PRNP;SLC39A8;MAPKAPK2;LCLAT1;CCND2;TNFRSF21;GUCY1B1;P4HA1;MUC1;SYNGR2;GBP4;CDCP1;MYO1E;SLC1A5;SWAP70;IL1RL1;CDC6;TGM2;HK2;IGF1R;CA2;SPRED2;TNFRSF1B;ANXA4;TIAM1;MXD1;ITGAV;PENK;NFIL3;SPRY4;PRAF2;NRP1;COCH;SH3BGRL2,0.146484375,0.15922158337019018,True,True,2026.1.Hs,https://data.broadinstitute.org/gsea-msigdb/msigdb/release/2026.1.Hs/h.all.v2026.1.Hs.symbols.gmt
Mareckova_E-MTAB-14039,dStromal_early,HALLMARK_BILE_ACID_METABOLISM,78,-0.3029450255963854,-1.3039656304878282,0.06510416666666667,CAT;GCLM;GNPAT;SLC35B2;FDXR;PEX11A;SOD1;CYP46A1;IDH2;PEX7;CYP27A1;PRDX5;SCP2;HSD17B11;MLYCD;HACL1;IDI1;ISOC1;SOAT2;PEX16;PEX11G;PEX13;PAOX;DIO2;PHYH;PNPLA8;ACSL1;HSD17B6;EFHC1;PXMP2;SLC27A5;ALDH9A1,0.146484375,0.15052986512524086,True,True,2026.1.Hs,https://data.broadinstitute.org/gsea-msigdb/msigdb/release/2026.1.Hs/h.all.v2026.1.Hs.symbols.gmt
Mareckova_E-MTAB-14039,dStromal_early,HALLMARK_APICAL_SURFACE,27,0.4534223972908631,1.4226224789021178,0.07536764705882353,FLOT2;ATP8B1;CX3CL1;EFNA5;B4GALT1;LYN;HSPB1;APP;ADIPOR2;SHROOM2;AKAP7;SRPX,0.15073529411764705,0.16384271099744244,True,True,2026.1.Hs,https://data.broadinstitute.org/gsea-msigdb/msigdb/release/2026.1.Hs/h.all.v2026.1.Hs.symbols.gmt
Mareckova_E-MTAB-14039,dStromal_early,HALLMARK_CHOLESTEROL_HOMEOSTASIS,67,0.3283466301343483,1.2835934401096962,0.10099337748344371,CLU;SCD;STARD4;FADS2;PLSCR1;SREBF2;LGMN;PDK3;TMEM97;LDLR;CD9;ANTXR2;CHKA;SC5D;TP53INP1;CYP51A1,0.18702477311748833,0.19706024874818287,True,True,2026.1.Hs,https://data.broadinstitute.org/gsea-msigdb/msigdb/release/2026.1.Hs/h.all.v2026.1.Hs.symbols.gmt
Mareckova_E-MTAB-14039,dStromal_early,HALLMARK_MTORC1_SIGNALING,185,0.26273495474780306,1.2099046437229346,0.09985096870342772,STC1;TES;SCD;STARD4;DHCR24;FADS2;SLC37A4;DHFR;AK4;LTA4H;LGMN;IDH1;MTHFD2;AURKA;P4HA1;GPI;TMEM97;INSIG1;RRM2;LDLR;SLC7A5;FADS1;CD9;HSP90B1;PSME3;SLC1A5;ADIPOR2;SC5D;HK2;CYP51A1;MCM4;MAP2K3;CXCR4;GSR,0.18702477311748833,0.19675067724813344,True,True,2026.1.Hs,https://data.broadinstitute.org/gsea-msigdb/msigdb/release/2026.1.Hs/h.all.v2026.1.Hs.symbols.gmt
Mareckova_E-MTAB-14039,dStromal_early,HALLMARK_DNA_REPAIR,143,-0.2492982206689175,-1.2022959864511253,0.11351351351351352,GTF2B;TAF9;MRPL40;ADRM1;FEN1;POLR2E;EDF1;POLR3C;RALA;ERCC1;POLR1D;NELFCD;MPG;NT5C;CLP1;GTF2H5;GTF2A2;DAD1;TSG101;TMED2;RFC2;AK1;POLR2K;BRF2;SDCBP;DGCR8;VPS37D;ERCC4;NME3;SAC3D1;MPC2;POLR3GL;POLR2C;SUPT4H1;GMPR2;TAF12;HPRT1;ADA,0.19571295433364402,0.21519149481234792,True,True,2026.1.Hs,https://data.broadinstitute.org/gsea-msigdb/msigdb/release/2026.1.Hs/h.all.v2026.1.Hs.symbols.gmt
Mareckova_E-MTAB-14039,dStromal_early,HALLMARK_XENOBIOTIC_METABOLISM,133,-0.25745366722939134,-1.2137706731267346,0.11197916666666667,UGDH;PTS;ACOX1;TMBIM6;CYP27A1;FBLN1;POR;CASP6;PTGR1;EPHX1;PYCR1;HACL1;IGF1;PINK1;FAH;SSR3;SERTAD1;PMM1;F10;PTGDS;NFS1;LCAT;SAR1B;LEAP2;SLC12A4;SMOX;DHPS;DDAH2;CSAD;HPRT1;ALDH9A1;TMEM176B;SLC35B1;TGFB2;CES1,0.19571295433364402,0.21329365079365079,True,True,2026.1.Hs,https://data.broadinstitute.org/gsea-msigdb/msigdb/release/2026.1.Hs/h.all.v2026.1.Hs.symbols.gmt
Mareckova_E-MTAB-14039,dStromal_early,HALLMARK_MYOGENESIS,127,0.2781843652695932,1.215706460459452,0.12575757575757576,CLU;SCD;MYLK;APOD;HSPB8;EPHB3;MEF2C;MYH9;HRC;SPDEF;AGRN;LAMA2;PRNP;CKMT2;FOXO4;HDAC5;NQO1;SYNGR2;IGFBP3;COL6A3;ITGB5;APP;ITGB1;TAGLN;COX7A1;TPD52L1;SORBS1;SPHK1;COL15A1;SH2B1;SLC6A8;CDKN1A;KLF5;COL4A2;FDPS;IGFBP7;NAV2;KIFC3;TPM3;SVIL;PLXNB2,0.20283479960899317,0.22659022659022657,True,True,2026.1.Hs,https://data.broadinstitute.org/gsea-msigdb/msigdb/release/2026.1.Hs/h.all.v2026.1.Hs.symbols.gmt
Mareckova_E-MTAB-14039,dStromal_early,HALLMARK_HEME_METABOLISM,152,-0.24158068484814044,-1.178835112754238,0.1239193083573487,ADIPOR1;PC;ATP6V0A1;ARHGEF12;GMPS;BLVRB;ATG4A;SLC25A38;FBXO7;KLF3;VEZF1;ARL2BP;PPP2R5B;PGLS;SELENBP1;CTNS;UBAC1;DCAF10;NARF;MARK3;LAMP2;USP15;FOXJ2;RAD23A;FBXO9;KDM7A;RCL1;RNF123;CAT;GCLM;PPOX;BNIP3L;NR3C1;ISCA1;HAGH;AGPAT4;SLC2A1;EZH1;CDR2;CDC27;RBM5;EPOR;BPGM;DAAM1;HTRA2;SLC25A37;SPTB;RNF19A;UROS;MKRN1;PRDX2;MOSPD1;YPEL5;MGST3;ASNS;SDCBP;GDE1;MBOAT2;TMEM9B;ABCB6;ELL2;GLRX5;P4HA2;SMOX;PSMD9;HEBP1;AQP3,0.20283479960899317,0.22659022659022657,True,True,2026.1.Hs,https://data.broadinstitute.org/gsea-msigdb/msigdb/release/2026.1.Hs/h.all.v2026.1.Hs.symbols.gmt
Mareckova_E-MTAB-14039,dStromal_early,HALLMARK_KRAS_SIGNALING_DN,82,0.2979104478261967,1.2067642861732035,0.16057233704292528,EDAR;SGK1;IFI44L;FGF22;RSAD2;MX1;PTGFR;PDE6B;CLSTN3;PLAG1;KCNMB1;CNTFR;SPHK2;CYP39A1;MSH5;NRIP2;SLC16A7;MAST3;CDKAL1;SPTBN2;KCND1;EPHA5;YPEL1;EFHD1,0.25089427662957076,0.2764436339561059,False,False,2026.1.Hs,https://data.broadinstitute.org/gsea-msigdb/msigdb/release/2026.1.Hs/h.all.v2026.1.Hs.symbols.gmt
Mareckova_E-MTAB-14039,dStromal_early,HALLMARK_HEDGEHOG_SIGNALING,28,0.376868031820519,1.2429439559870277,0.17625899280575538,DPYSL2;MYH9;NRP2;ETS2;CNTFR;AMOT;CRMP1;CELSR1;NRP1,0.2592044011849344,0.28894916853402525,False,False,2026.1.Hs,https://data.broadinstitute.org/gsea-msigdb/msigdb/release/2026.1.Hs/h.all.v2026.1.Hs.symbols.gmt
Mareckova_E-MTAB-14039,dStromal_early,HALLMARK_APOPTOSIS,133,0.2682867021973027,1.174354744921084,0.17475728155339806,KRT18;CLU;CCND1;TNFSF10;BMF;F2R;TOP2A;DPYD;RETSAT;BGN;CASP8;CDK2;CCND2;PAK1;HSPB1;PDCD4;ERBB2;APP;HGF;SC5D;GSR;SAT1;PDGFRB;ADD1;CASP7;PMAIP1;NEFH;MADD;CDKN1A;PEA15;MMP2;EBP;LUM;IER3;ROCK1;BCL2L1;ANXA1;ISG20,0.2592044011849344,0.28852822860313493,False,False,2026.1.Hs,https://data.broadinstitute.org/gsea-msigdb/msigdb/release/2026.1.Hs/h.all.v2026.1.Hs.symbols.gmt
Mareckova_E-MTAB-14039,dStromal_early,HALLMARK_PEROXISOME,87,-0.26186465200553766,-1.145781958718511,0.2025,CAT;GNPAT;SLC35B2;PEX11B;PEX11A;RDH11;SOD1;IDH2;ACOX1;CADM1;ERCC1;PRDX5;CLN6;SCP2;HSD17B11;MLYCD;FIS1;IDI1;ISOC1;CACNA1B;HMGCL;PEX13;CRABP2;ACAA1;PEX2;ECI2;SLC25A17;ACSL1;CTPS1;ALDH9A1,0.2892857142857143,0.3227091633466136,False,False,2026.1.Hs,https://data.broadinstitute.org/gsea-msigdb/msigdb/release/2026.1.Hs/h.all.v2026.1.Hs.symbols.gmt
Mareckova_E-MTAB-14039,dStromal_early,HALLMARK_PI3K_AKT_MTOR_SIGNALING,91,0.2783530467611491,1.1572704029790017,0.21766561514195584,FGF22;CDK1;PLCB1;RPS6KA1;CAMK4;MAPKAP1;STAT2;CDK2;MAP2K6;E2F1;ADCY2;HSP90B1;GNA14;MAP2K3;CXCR4;PFN1;TIAM1;PIK3R3;MYD88;CDKN1A;PTEN,0.30231335436382756,0.3427804962865446,False,False,2026.1.Hs,https://data.broadinstitute.org/gsea-msigdb/msigdb/release/2026.1.Hs/h.all.v2026.1.Hs.symbols.gmt
Mareckova_E-MTAB-14039,dStromal_early,HALLMARK_INFLAMMATORY_RESPONSE,98,0.2713154712096333,1.1261452058408263,0.2570951585976628,IFITM1;TNFSF10;MMP14;IL18R1;BST2;LIF;AHR;ICAM1;CX3CL1;LDLR;LYN;IL1R1;OSMR;TNFRSF1B;SEMA4D;SPHK1;MXD1;HIF1A;RIPK2;ABCA1,0.3474258899968416,0.38801209264681374,False,False,2026.1.Hs,https://data.broadinstitute.org/gsea-msigdb/msigdb/release/2026.1.Hs/h.all.v2026.1.Hs.symbols.gmt
Mareckova_E-MTAB-14039,dStromal_early,HALLMARK_COMPLEMENT,135,0.24714655084718365,1.0892018308016072,0.28110599078341014,DUSP6;CTSV;CLU;ERAP2;C3;CASP10;MMP14;APOC1;PLSCR1;SRC;LTA4H;LGMN;ANG;TFPI2,0.3698763036623818,0.4133911629167796,False,False,2026.1.Hs,https://data.broadinstitute.org/gsea-msigdb/msigdb/release/2026.1.Hs/h.all.v2026.1.Hs.symbols.gmt
Mareckova_E-MTAB-14039,dStromal_early,HALLMARK_SPERMATOGENESIS,65,0.2824125693449757,1.0993392608814638,0.31088082901554404,ACE;CCNB2;CDK1;CAMK4;CDKN3;DBF4;CSNK2A2;TLE4;AURKA;NPHP1;PARP2;NF2;RAD17;TTK;SNAP91;JAM3,0.3985651654045436,0.4441154700222058,False,False,2026.1.Hs,https://data.broadinstitute.org/gsea-msigdb/msigdb/release/2026.1.Hs/h.all.v2026.1.Hs.symbols.gmt
Mareckova_E-MTAB-14039,dStromal_early,HALLMARK_NOTCH_SIGNALING,30,0.32653838640170363,1.095828550535463,0.3252788104089219,CCND1;FBXW11;NOTCH3;ST3GAL6;MAML2;NOTCH2,0.4065985130111524,0.4533621690896712,False,False,2026.1.Hs,https://data.broadinstitute.org/gsea-msigdb/msigdb/release/2026.1.Hs/h.all.v2026.1.Hs.symbols.gmt
Mareckova_E-MTAB-14039,dStromal_early,HALLMARK_UV_RESPONSE_UP,132,-0.222834046427981,-1.046655248796369,0.3564102564102564,HSPA13;STK25;NR4A1;FEN1;IGFBP2;PDAP1;TMBIM6;MGAT1;CDC34;BTG1;AP2S1;CEBPG;FKBP4;BID;EPHX1;POLG2;CLCN2;BCL2L11;PPP1R2;ASNS;ACAA1;NPTXR;NXF1;CLTB;NAT1;HLA-F;CCNE1;HSPA2;FOS;AQP3;RHOB;JUNB;SULT1A1;FOSB,0.43464665415884934,0.48163548163548164,False,False,2026.1.Hs,https://data.broadinstitute.org/gsea-msigdb/msigdb/release/2026.1.Hs/h.all.v2026.1.Hs.symbols.gmt
Mareckova_E-MTAB-14039,dStromal_early,HALLMARK_TGF_BETA_SIGNALING,53,-0.26470421351110773,-1.0443164967724057,0.37708830548926014,ID1;KLF10;FKBP1A;SMAD3;CDK9;FNTA;JUNB;SMURF2;SMAD7,0.4489146493919764,0.49780634388021144,False,False,2026.1.Hs,https://data.broadinstitute.org/gsea-msigdb/msigdb/release/2026.1.Hs/h.all.v2026.1.Hs.symbols.gmt
Mareckova_E-MTAB-14039,dStromal_early,HALLMARK_IL6_JAK_STAT3_SIGNALING,54,0.2772748726676119,1.0303992216275941,0.43423423423423424,ITGA4;IL18R1;A2M;STAT2;STAT1;TNFRSF21;CXCL13;CNTFR;CD9;IL1R1;OSMR;TNFRSF1B;IL6ST;PTPN1;MYD88;MAP3K8;LEPR;CSF1;GRB2;IL13RA1,0.5049235281793422,0.5567105567105567,False,False,2026.1.Hs,https://data.broadinstitute.org/gsea-msigdb/msigdb/release/2026.1.Hs/h.all.v2026.1.Hs.symbols.gmt
Mareckova_E-MTAB-14039,dStromal_early,HALLMARK_WNT_BETA_CATENIN_SIGNALING,37,-0.2584248080475353,-0.956904232224175,0.510158013544018,JAG1;WNT6;TCF7;MYC;GNAI1,0.5668422372711311,0.6240464997480343,False,False,2026.1.Hs,https://data.broadinstitute.org/gsea-msigdb/msigdb/release/2026.1.Hs/h.all.v2026.1.Hs.symbols.gmt
Mareckova_E-MTAB-14039,dStromal_early,HALLMARK_GLYCOLYSIS,161,-0.19990988299979295,-0.980911835427977,0.5070422535211268,TALDO1;GALK2;MPI;B4GALT2;GALE;RPE;ENO1;SAP30;MDH1;SDC2;UGP2;NASP;LHPP;PPP2CB;SOD1;NSDHL;PAXIP1;PHKA2;GLCE;GMPPA;CASP6;CLN6;SLC35A3;PSMC4;KDELR3;AGL;RBCK1;FKBP4;HAX1;CD44;DDIT4;GALK1;ALDH7A1;B4GALT4;AKR1A1;B4GALT7;ANKZF1;GUSB;TFF3;COPB2;ABCB6;CHST12;PGAM1;P4HA2;CACNA1H;NOL3;CHST2;ALDH9A1;TXN;NT5E,0.5668422372711311,0.6221377343817507,False,False,2026.1.Hs,https://data.broadinstitute.org/gsea-msigdb/msigdb/release/2026.1.Hs/h.all.v2026.1.Hs.symbols.gmt
Mareckova_E-MTAB-14039,dStromal_early,HALLMARK_HYPOXIA,161,0.20868804067977503,0.9406447209982993,0.6043276661514683,MT1E;STC1;TES;SDC4;PAM;MT2A;GYS1;SLC37A4;MYH9;BGN;ETS1;AK4;PHKG1;PDK3;NEDD4L;P4HA1;GPI;IGFBP3;TGFBI;AMPD3;SDC3;TGM2;HK2;CXCR4;KIF5A;LXN;CHST3;FOXO3;COL5A1;GCNT2;NFIL3;TPD52;IRS2;PFKP;CDKN1A;GLRX;SRPX;SLC25A1,0.6568778979907264,0.6906601898873923,False,False,2026.1.Hs,https://data.broadinstitute.org/gsea-msigdb/msigdb/release/2026.1.Hs/h.all.v2026.1.Hs.symbols.gmt
Mareckova_E-MTAB-14039,dStromal_early,HALLMARK_REACTIVE_OXYGEN_SPECIES_PATHWAY,45,-0.22623921150202214,-0.8925586491972652,0.6851851851851852,FTL;PDLIM1;GLRX2;PRDX4;NDUFA6;ATOX1;CAT;GCLM;SELENOS;STK25;HMOX2;SOD1;TXNRD2;EGLN2;PRDX2;PRDX6;NDUFS2;JUNB;TXN,0.7289204097714737,0.7550249974492399,False,False,2026.1.Hs,https://data.broadinstitute.org/gsea-msigdb/msigdb/release/2026.1.Hs/h.all.v2026.1.Hs.symbols.gmt
Mareckova_E-MTAB-14039,dStromal_early,HALLMARK_PROTEIN_SECRETION,93,-0.19699994226987505,-0.8755054469228436,0.72544080604534,USO1;GOSR2;RAB14;SOD1;SSPN;VAMP3;ADAM10;BNIP3;TMED10;AP2S1;AP2M1;RER1;TSG101;TMED2;CLTA;SNX2;DST;CD63;CLN5;YIPF6;COPB2;AP3S1;SEC24D,0.7556675062972292,0.7872097449562239,False,False,2026.1.Hs,https://data.broadinstitute.org/gsea-msigdb/msigdb/release/2026.1.Hs/h.all.v2026.1.Hs.symbols.gmt
Mareckova_E-MTAB-14039,dStromal_early,HALLMARK_P53_PATHWAY,167,0.1935323000890173,0.8732276477254505,0.7615262321144675,S100A10;VAMP8;CDKN2A;PERP;ABAT;KRT17;F2R;TM4SF1;FGF13;RETSAT;GM2A;LIF;POM121;CCND2;CCP110;DNTTIP2;DDB2;APP;ERCC5;CDKN2B;TPD52L1;SAT1;PRKAB1;SPHK1;MXD1;FOXO3;RALGDS;ELP1;NOL8;BLCAP;HSPA4L;CDKN1A,0.777067583790273,0.8122946475887652,False,False,2026.1.Hs,https://data.broadinstitute.org/gsea-msigdb/msigdb/release/2026.1.Hs/h.all.v2026.1.Hs.symbols.gmt
Mareckova_E-MTAB-14039,dStromal_early,HALLMARK_MYC_TARGETS_V2,56,-0.17659301351711187,-0.7138980198016607,0.9484777517564403,RRP9;RABEPK;NOP56;FARSA;MRTO4;AIMP2;RCL1;GRWD1;SRM;NOC4L;NDUFAF4;NIP7;PPAN;TFB2M;NPM1;BYSL;IMP4;MYC;WDR74,0.9484777517564403,0.9629215753872491,False,False,2026.1.Hs,https://data.broadinstitute.org/gsea-msigdb/msigdb/release/2026.1.Hs/h.all.v2026.1.Hs.symbols.gmt
