dataset_id,donor_id,disease_group,cycle_group,menstrual_cycle_stage_fine,gene_symbol,gene_id,raw_count,size_factor,normalized_count,log2_normalized_count_plus_1
Mareckova_E-MTAB-14039,Mareckova_E-MTAB-14039::ES345,Normal,Secretory,Secretory Early,SPP1,ENSG00000118785,22,8.419806218082938,2.612886737553571,1.853152027609807
Mareckova_E-MTAB-14039,Mareckova_E-MTAB-14039::FX1125,Endometriosis,Proliferative,Proliferative,SPP1,ENSG00000118785,0,0.3067153561051866,0.0,0.0
Mareckova_E-MTAB-14039,Mareckova_E-MTAB-14039::FX1146,Normal,Proliferative,Proliferative,SPP1,ENSG00000118785,0,3.5597126142943196,0.0,0.0
Mareckova_E-MTAB-14039,Mareckova_E-MTAB-14039::FX1156,Endometriosis,Secretory,Secretory Mid,SPP1,ENSG00000118785,23,0.44748037667506135,51.39890193822173,5.711464674114196
Mareckova_E-MTAB-14039,Mareckova_E-MTAB-14039::FX1176,Endometriosis,Proliferative,Proliferative,SPP1,ENSG00000118785,0,0.2430216186995888,0.0,0.0
Mareckova_E-MTAB-14039,Mareckova_E-MTAB-14039::FX1259,Endometriosis,Proliferative,Proliferative Late,SPP1,ENSG00000118785,2,0.29063327321060867,6.881524534015385,2.9784747191397525
Mareckova_E-MTAB-14039,Mareckova_E-MTAB-14039::FX9006,Endometriosis,Secretory,Secretory Early,SPP1,ENSG00000118785,457,9.586025886494385,47.67356205910739,5.605066453579461
Mareckova_E-MTAB-14039,Mareckova_E-MTAB-14039::SE06,Normal,Menstrual,Menstrual,SPP1,ENSG00000118785,0,0.35904146829335765,0.0,0.0
Mareckova_E-MTAB-14039,Mareckova_E-MTAB-14039::ES345,Normal,Secretory,Secretory Early,CD74,ENSG00000019582,17,8.419806218082938,2.019048842655032,1.5940940971914515
Mareckova_E-MTAB-14039,Mareckova_E-MTAB-14039::FX1125,Endometriosis,Proliferative,Proliferative,CD74,ENSG00000019582,9,0.3067153561051866,29.343167274981475,4.923299779464361
Mareckova_E-MTAB-14039,Mareckova_E-MTAB-14039::FX1146,Normal,Proliferative,Proliferative,CD74,ENSG00000019582,44,3.5597126142943196,12.360548383404428,3.739907319299738
Mareckova_E-MTAB-14039,Mareckova_E-MTAB-14039::FX1156,Endometriosis,Secretory,Secretory Mid,CD74,ENSG00000019582,16,0.44748037667506135,35.75575787006729,5.199898363881671
Mareckova_E-MTAB-14039,Mareckova_E-MTAB-14039::FX1176,Endometriosis,Proliferative,Proliferative,CD74,ENSG00000019582,14,0.2430216186995888,57.60804357618119,5.873026773717731
Mareckova_E-MTAB-14039,Mareckova_E-MTAB-14039::FX1259,Endometriosis,Proliferative,Proliferative Late,CD74,ENSG00000019582,9,0.29063327321060867,30.966860403069234,4.9985051529455955
Mareckova_E-MTAB-14039,Mareckova_E-MTAB-14039::FX9006,Endometriosis,Secretory,Secretory Early,CD74,ENSG00000019582,284,9.586025886494385,29.626458697563457,4.93670665428825
Mareckova_E-MTAB-14039,Mareckova_E-MTAB-14039::SE06,Normal,Menstrual,Menstrual,CD74,ENSG00000019582,17,0.35904146829335765,47.348291217743174,5.595392996063062
Mareckova_E-MTAB-14039,Mareckova_E-MTAB-14039::ES345,Normal,Secretory,Secretory Early,SMAD7,ENSG00000101665,726,8.419806218082938,86.22526233926784,6.44667412637255
Mareckova_E-MTAB-14039,Mareckova_E-MTAB-14039::FX1125,Endometriosis,Proliferative,Proliferative,SMAD7,ENSG00000101665,22,0.3067153561051866,71.72774222773249,6.184433884614659
Mareckova_E-MTAB-14039,Mareckova_E-MTAB-14039::FX1146,Normal,Proliferative,Proliferative,SMAD7,ENSG00000101665,292,3.5597126142943196,82.02909381713847,6.375545047623818
Mareckova_E-MTAB-14039,Mareckova_E-MTAB-14039::FX1156,Endometriosis,Secretory,Secretory Mid,SMAD7,ENSG00000101665,18,0.44748037667506135,40.2252276038257,5.365455553668459
Mareckova_E-MTAB-14039,Mareckova_E-MTAB-14039::FX1176,Endometriosis,Proliferative,Proliferative,SMAD7,ENSG00000101665,11,0.2430216186995888,45.26346280985665,5.53180135030454
Mareckova_E-MTAB-14039,Mareckova_E-MTAB-14039::FX1259,Endometriosis,Proliferative,Proliferative Late,SMAD7,ENSG00000101665,18,0.29063327321060867,61.93372080613847,5.975761336222183
Mareckova_E-MTAB-14039,Mareckova_E-MTAB-14039::FX9006,Endometriosis,Secretory,Secretory Early,SMAD7,ENSG00000101665,401,9.586025886494385,41.83172513282727,5.420607880695646
Mareckova_E-MTAB-14039,Mareckova_E-MTAB-14039::SE06,Normal,Menstrual,Menstrual,SMAD7,ENSG00000101665,25,0.35904146829335765,69.62984002609291,6.142205923743423
Mareckova_E-MTAB-14039,Mareckova_E-MTAB-14039::ES345,Normal,Secretory,Secretory Early,TGFB1,ENSG00000105329,1085,8.419806218082938,128.86282319298294,7.020844668508131
Mareckova_E-MTAB-14039,Mareckova_E-MTAB-14039::FX1125,Endometriosis,Proliferative,Proliferative,TGFB1,ENSG00000105329,28,0.3067153561051866,91.2898537443868,6.528100143004693
Mareckova_E-MTAB-14039,Mareckova_E-MTAB-14039::FX1146,Normal,Proliferative,Proliferative,TGFB1,ENSG00000105329,274,3.5597126142943196,76.97250584210938,6.284893594788551
Mareckova_E-MTAB-14039,Mareckova_E-MTAB-14039::FX1156,Endometriosis,Secretory,Secretory Mid,TGFB1,ENSG00000105329,45,0.44748037667506135,100.56306900956424,6.666232085559876
Mareckova_E-MTAB-14039,Mareckova_E-MTAB-14039::FX1176,Endometriosis,Proliferative,Proliferative,TGFB1,ENSG00000105329,30,0.2430216186995888,123.4458076632454,6.959373819327731
Mareckova_E-MTAB-14039,Mareckova_E-MTAB-14039::FX1259,Endometriosis,Proliferative,Proliferative Late,TGFB1,ENSG00000105329,23,0.29063327321060867,79.13753214117693,6.324406177122927
Mareckova_E-MTAB-14039,Mareckova_E-MTAB-14039::FX9006,Endometriosis,Secretory,Secretory Early,TGFB1,ENSG00000105329,782,9.586025886494385,81.57707993484021,6.367669498167626
Mareckova_E-MTAB-14039,Mareckova_E-MTAB-14039::SE06,Normal,Menstrual,Menstrual,TGFB1,ENSG00000105329,39,0.35904146829335765,108.62255044070493,6.776400795212979
Huang_GSE214411,GSE214411::EMS1,Endometriosis,Secretory,Secretory Early,SPP1,ENSG00000118785,48,6.347057987227977,7.5625589204619175,3.098042010430979
Huang_GSE214411,GSE214411::EMS2,Endometriosis,Proliferative,Proliferative,SPP1,ENSG00000118785,1,0.39005093507532335,2.5637677289682395,1.8334033112746801
Huang_GSE214411,GSE214411::EMS3,Endometriosis,Proliferative,Proliferative,SPP1,ENSG00000118785,0,0.17377537471167326,0.0,0.0
Huang_GSE214411,GSE214411::EMS4,Endometriosis,Proliferative,Proliferative,SPP1,ENSG00000118785,0,0.33314502673650237,0.0,0.0
Huang_GSE214411,GSE214411::EMS5,Endometriosis,Secretory,Secretory Mid,SPP1,ENSG00000118785,27,4.995403224774886,5.404969085597036,2.6791916072314836
Huang_GSE214411,GSE214411::EMS6,Endometriosis,Secretory,Secretory Mid,SPP1,ENSG00000118785,22,3.0689678487840752,7.168533879791669,3.0300771610929282
Huang_GSE214411,GSE214411::N1,Normal,Secretory,Secretory Mid,SPP1,ENSG00000118785,25,0.2901785738821823,86.15384542537053,6.445492415620653
Huang_GSE214411,GSE214411::N2,Normal,Proliferative,Proliferative,SPP1,ENSG00000118785,12,1.411320168616139,8.502677327828826,3.2483340422227047
Huang_GSE214411,GSE214411::N3,Normal,Proliferative,Proliferative,SPP1,ENSG00000118785,0,0.28669385309998974,0.0,0.0
Huang_GSE214411,GSE214411::N4,Normal,Proliferative,Proliferative,SPP1,ENSG00000118785,0,0.2732437809128049,0.0,0.0
Huang_GSE214411,GSE214411::N5,Normal,Secretory,Unknown,SPP1,ENSG00000118785,34,3.5186574944824023,9.662776230228522,3.4145112114197955
Huang_GSE214411,GSE214411::N6,Normal,Secretory,Unknown,SPP1,ENSG00000118785,1,0.8535446371597938,1.1715848901910306,1.1187483507949447
Huang_GSE214411,GSE214411::N7,Normal,Secretory,Unknown,SPP1,ENSG00000118785,20,4.7234460976547,4.234196725549691,2.38796814862006
Huang_GSE214411,GSE214411::EMS1,Endometriosis,Secretory,Secretory Early,CD74,ENSG00000019582,82,6.347057987227977,12.919371489122442,3.7990221645511997
Huang_GSE214411,GSE214411::EMS2,Endometriosis,Proliferative,Proliferative,CD74,ENSG00000019582,8,0.39005093507532335,20.510141831745916,4.426945132399702
Huang_GSE214411,GSE214411::EMS3,Endometriosis,Proliferative,Proliferative,CD74,ENSG00000019582,1,0.17377537471167326,5.754555279533664,2.755860785519536
Huang_GSE214411,GSE214411::EMS4,Endometriosis,Proliferative,Proliferative,CD74,ENSG00000019582,10,0.33314502673650237,30.016957173157493,4.954985256873339
Huang_GSE214411,GSE214411::EMS5,Endometriosis,Secretory,Secretory Mid,CD74,ENSG00000019582,83,4.995403224774886,16.615275337205702,4.138755120076002
Huang_GSE214411,GSE214411::EMS6,Endometriosis,Secretory,Secretory Mid,CD74,ENSG00000019582,36,3.0689678487840752,11.730328166931823,3.670197704912396
Huang_GSE214411,GSE214411::N1,Normal,Secretory,Secretory Mid,CD74,ENSG00000019582,6,0.2901785738821823,20.67692290208893,4.438088071645197
Huang_GSE214411,GSE214411::N2,Normal,Proliferative,Proliferative,CD74,ENSG00000019582,104,1.411320168616139,73.68987017451649,6.222840685425633
Huang_GSE214411,GSE214411::N3,Normal,Proliferative,Proliferative,CD74,ENSG00000019582,11,0.28669385309998974,38.36845429735652,5.2989681647296285
Huang_GSE214411,GSE214411::N4,Normal,Proliferative,Proliferative,CD74,ENSG00000019582,5,0.2732437809128049,18.298678137511043,4.270430128403125
Huang_GSE214411,GSE214411::N5,Normal,Secretory,Unknown,CD74,ENSG00000019582,80,3.5186574944824023,22.73594407112593,4.569001527407819
Huang_GSE214411,GSE214411::N6,Normal,Secretory,Unknown,CD74,ENSG00000019582,9,0.8535446371597938,10.544264011719275,3.529104293942307
Huang_GSE214411,GSE214411::N7,Normal,Secretory,Unknown,CD74,ENSG00000019582,79,4.7234460976547,16.72507706592128,4.1477199949829435
Huang_GSE214411,GSE214411::EMS1,Endometriosis,Secretory,Secretory Early,SMAD7,ENSG00000101665,212,6.347057987227977,33.4013018987068,5.104391258863196
Huang_GSE214411,GSE214411::EMS2,Endometriosis,Proliferative,Proliferative,SMAD7,ENSG00000101665,25,0.39005093507532335,64.094193224206,6.024456947336847
Huang_GSE214411,GSE214411::EMS3,Endometriosis,Proliferative,Proliferative,SMAD7,ENSG00000101665,14,0.17377537471167326,80.56377391347128,6.349856624536725
Huang_GSE214411,GSE214411::EMS4,Endometriosis,Proliferative,Proliferative,SMAD7,ENSG00000101665,38,0.33314502673650237,114.06443725799848,6.846298201183515
Huang_GSE214411,GSE214411::EMS5,Endometriosis,Secretory,Secretory Mid,SMAD7,ENSG00000101665,372,4.995403224774886,74.46846295711471,6.237801986470005
Huang_GSE214411,GSE214411::EMS6,Endometriosis,Secretory,Secretory Mid,SMAD7,ENSG00000101665,329,3.0689678487840752,107.2021657477936,6.757585565855642
Huang_GSE214411,GSE214411::N1,Normal,Secretory,Secretory Mid,SMAD7,ENSG00000101665,9,0.2901785738821823,31.015384353133392,5.00069342488917
Huang_GSE214411,GSE214411::N2,Normal,Proliferative,Proliferative,SMAD7,ENSG00000101665,64,1.411320168616139,45.34761241508707,5.534423115601496
Huang_GSE214411,GSE214411::N3,Normal,Proliferative,Proliferative,SMAD7,ENSG00000101665,8,0.28669385309998974,27.90433039807747,4.853213745946095
Huang_GSE214411,GSE214411::N4,Normal,Proliferative,Proliferative,SMAD7,ENSG00000101665,11,0.2732437809128049,40.257091902524294,5.366570228141144
Huang_GSE214411,GSE214411::N5,Normal,Secretory,Unknown,SMAD7,ENSG00000101665,62,3.5186574944824023,17.620356655122595,4.218808801492385
Huang_GSE214411,GSE214411::N6,Normal,Secretory,Unknown,SMAD7,ENSG00000101665,16,0.8535446371597938,18.74535824305649,4.303441637959996
Huang_GSE214411,GSE214411::N7,Normal,Secretory,Unknown,SMAD7,ENSG00000101665,122,4.7234460976547,25.828600025853117,4.745699868514673
Huang_GSE214411,GSE214411::EMS1,Endometriosis,Secretory,Secretory Early,TGFB1,ENSG00000105329,980,6.347057987227977,154.40224462609748,7.279863531921586
Huang_GSE214411,GSE214411::EMS2,Endometriosis,Proliferative,Proliferative,TGFB1,ENSG00000105329,70,0.39005093507532335,179.46374102777676,7.495565188138042
Huang_GSE214411,GSE214411::EMS3,Endometriosis,Proliferative,Proliferative,TGFB1,ENSG00000105329,26,0.17377537471167326,149.61843726787524,7.234754571516607
Huang_GSE214411,GSE214411::EMS4,Endometriosis,Proliferative,Proliferative,TGFB1,ENSG00000105329,69,0.33314502673650237,207.1170044947867,7.701251037106747
Huang_GSE214411,GSE214411::EMS5,Endometriosis,Secretory,Secretory Mid,TGFB1,ENSG00000105329,588,4.995403224774886,117.708215641891,6.8912759752655015
Huang_GSE214411,GSE214411::EMS6,Endometriosis,Secretory,Secretory Mid,TGFB1,ENSG00000105329,451,3.0689678487840752,146.95494453572923,7.209014100824826
Huang_GSE214411,GSE214411::N1,Normal,Secretory,Secretory Mid,TGFB1,ENSG00000105329,24,0.2901785738821823,82.70769160835572,6.3872882879783885
Huang_GSE214411,GSE214411::N2,Normal,Proliferative,Proliferative,TGFB1,ENSG00000105329,165,1.411320168616139,116.91181325764636,6.881564454949506
Huang_GSE214411,GSE214411::N3,Normal,Proliferative,Proliferative,TGFB1,ENSG00000105329,38,0.28669385309998974,132.54556939086797,7.061188302596456
Huang_GSE214411,GSE214411::N4,Normal,Proliferative,Proliferative,TGFB1,ENSG00000105329,44,0.2732437809128049,161.02836761009718,7.340102609227801
Huang_GSE214411,GSE214411::N5,Normal,Secretory,Unknown,TGFB1,ENSG00000105329,268,3.5186574944824023,76.16541263827187,6.269882437244305
Huang_GSE214411,GSE214411::N6,Normal,Secretory,Unknown,TGFB1,ENSG00000105329,55,0.8535446371597938,64.43716896050668,6.032038428512571
Huang_GSE214411,GSE214411::N7,Normal,Secretory,Unknown,TGFB1,ENSG00000105329,444,4.7234460976547,93.99916730720315,6.569842962783227
