celltypist_label,menstrual_cycle_stage_fine,n_cells,proportion,n_donors,percent,total_cells_in_cell_type
Ciliated,Menstrual,3,0.00101010101010101,1,0.10101010101010101,2970
Cycling,Menstrual,5,0.001079447322970639,1,0.1079447322970639,4632
Glandular,Menstrual,0,0.0,0,0.0,6195
Glandular_secretory,Menstrual,0,0.0,0,0.0,2992
HOXA13,Menstrual,0,0.0,0,0.0,109
Immune_Lymphoid,Menstrual,131,0.005648255939292027,1,0.5648255939292027,23193
Immune_Myeloid,Menstrual,41,0.006222492032174837,1,0.6222492032174837,6589
MUC5B,Menstrual,0,0.0,0,0.0,247
SOX9_functionalis_II,Menstrual,15,0.0011216630524190532,1,0.11216630524190532,13373
SOX9_luminal,Menstrual,34,0.012781954887218045,1,1.2781954887218046,2660
Venous,Menstrual,41,0.003150695458387766,1,0.3150695458387766,13013
dStromal_early,Menstrual,66,0.0037091154321681466,1,0.37091154321681463,17794
dStromal_late,Menstrual,0,0.0,0,0.0,837
dStromal_mid,Menstrual,2,0.00015264845061822624,1,0.015264845061822624,13102
eHormones,Menstrual,100,0.01845018450184502,1,1.8450184501845017,5420
ePV_1a,Menstrual,0,0.0,0,0.0,1752
ePV_1b,Menstrual,4,0.001951219512195122,1,0.1951219512195122,2050
ePV_2,Menstrual,41,0.0060830860534124625,1,0.6083086053412462,6740
eStromal,Menstrual,902,0.01707815813389882,1,1.7078158133898818,52816
eStromal_MMPs,Menstrual,1,0.000881057268722467,1,0.0881057268722467,1135
eStromal_cycling,Menstrual,65,0.010591494215414698,1,1.0591494215414698,6137
mPV,Menstrual,0,0.0,0,0.0,875
preGlandular,Menstrual,43,0.002323319645558677,1,0.23233196455586771,18508
preLuminal,Menstrual,0,0.0,0,0.0,965
uSMCs,Menstrual,0,0.0,0,0.0,281
Ciliated,Proliferative Early,3,0.00101010101010101,2,0.10101010101010101,2970
Cycling,Proliferative Early,24,0.0051813471502590676,2,0.5181347150259068,4632
Glandular,Proliferative Early,0,0.0,0,0.0,6195
Glandular_secretory,Proliferative Early,0,0.0,0,0.0,2992
HOXA13,Proliferative Early,0,0.0,0,0.0,109
Immune_Lymphoid,Proliferative Early,94,0.004052947009873669,2,0.4052947009873669,23193
Immune_Myeloid,Proliferative Early,42,0.0063742601305205645,2,0.6374260130520565,6589
MUC5B,Proliferative Early,6,0.024291497975708502,1,2.42914979757085,247
SOX9_functionalis_II,Proliferative Early,9,0.000672997831451432,2,0.06729978314514319,13373
SOX9_luminal,Proliferative Early,15,0.005639097744360902,2,0.5639097744360901,2660
Venous,Proliferative Early,37,0.002843310535618228,2,0.2843310535618228,13013
dStromal_early,Proliferative Early,2,0.00011239743733842868,1,0.011239743733842868,17794
dStromal_late,Proliferative Early,0,0.0,0,0.0,837
dStromal_mid,Proliferative Early,0,0.0,0,0.0,13102
eHormones,Proliferative Early,56,0.010332103321033211,2,1.033210332103321,5420
ePV_1a,Proliferative Early,0,0.0,0,0.0,1752
ePV_1b,Proliferative Early,9,0.004390243902439025,2,0.4390243902439025,2050
ePV_2,Proliferative Early,13,0.0019287833827893175,2,0.19287833827893175,6740
eStromal,Proliferative Early,108,0.0020448348985156015,2,0.20448348985156015,52816
eStromal_MMPs,Proliferative Early,6,0.0052863436123348016,1,0.5286343612334802,1135
eStromal_cycling,Proliferative Early,0,0.0,0,0.0,6137
mPV,Proliferative Early,0,0.0,0,0.0,875
preGlandular,Proliferative Early,4,0.0002161227577263886,1,0.02161227577263886,18508
preLuminal,Proliferative Early,1,0.0010362694300518134,1,0.10362694300518134,965
uSMCs,Proliferative Early,0,0.0,0,0.0,281
Ciliated,Proliferative,805,0.27104377104377103,11,27.104377104377104,2970
Cycling,Proliferative,1686,0.3639896373056995,11,36.39896373056995,4632
Glandular,Proliferative,61,0.009846650524616626,2,0.9846650524616627,6195
Glandular_secretory,Proliferative,5,0.0016711229946524064,1,0.16711229946524064,2992
HOXA13,Proliferative,1,0.009174311926605505,1,0.9174311926605505,109
Immune_Lymphoid,Proliferative,10879,0.4690639417065494,12,46.90639417065494,23193
Immune_Myeloid,Proliferative,1761,0.2672636211868265,12,26.72636211868265,6589
MUC5B,Proliferative,87,0.3522267206477733,6,35.22267206477733,247
SOX9_functionalis_II,Proliferative,9996,0.7474762581320571,12,74.74762581320572,13373
SOX9_luminal,Proliferative,1240,0.46616541353383456,12,46.616541353383454,2660
Venous,Proliferative,6746,0.5184046722508261,12,51.84046722508261,13013
dStromal_early,Proliferative,1887,0.10604698212880746,11,10.604698212880747,17794
dStromal_late,Proliferative,3,0.0035842293906810036,1,0.35842293906810035,837
dStromal_mid,Proliferative,105,0.008014043657456877,10,0.8014043657456877,13102
eHormones,Proliferative,1147,0.21162361623616235,12,21.162361623616235,5420
ePV_1a,Proliferative,1678,0.9577625570776256,8,95.77625570776256,1752
ePV_1b,Proliferative,511,0.24926829268292683,12,24.926829268292682,2050
ePV_2,Proliferative,3119,0.46275964391691393,12,46.275964391691396,6740
eStromal,Proliferative,31144,0.5896697970312027,12,58.96697970312027,52816
eStromal_MMPs,Proliferative,68,0.05991189427312775,8,5.991189427312775,1135
eStromal_cycling,Proliferative,3175,0.5173537559067949,11,51.73537559067949,6137
mPV,Proliferative,858,0.9805714285714285,7,98.05714285714285,875
preGlandular,Proliferative,1607,0.08682731791657662,12,8.682731791657663,18508
preLuminal,Proliferative,1,0.0010362694300518134,1,0.10362694300518134,965
uSMCs,Proliferative,274,0.9750889679715302,1,97.50889679715303,281
Ciliated,Proliferative Late,126,0.04242424242424243,2,4.242424242424243,2970
Cycling,Proliferative Late,636,0.13730569948186527,2,13.730569948186528,4632
Glandular,Proliferative Late,3,0.00048426150121065375,1,0.048426150121065374,6195
Glandular_secretory,Proliferative Late,0,0.0,0,0.0,2992
HOXA13,Proliferative Late,1,0.009174311926605505,1,0.9174311926605505,109
Immune_Lymphoid,Proliferative Late,280,0.01207260811451731,2,1.2072608114517311,23193
Immune_Myeloid,Proliferative Late,155,0.023524055243587798,2,2.3524055243587796,6589
MUC5B,Proliferative Late,4,0.016194331983805668,1,1.6194331983805668,247
SOX9_functionalis_II,Proliferative Late,1300,0.09721079787631795,2,9.721079787631796,13373
SOX9_luminal,Proliferative Late,400,0.15037593984962405,2,15.037593984962406,2660
Venous,Proliferative Late,311,0.023899177745331592,2,2.389917774533159,13013
dStromal_early,Proliferative Late,66,0.0037091154321681466,2,0.37091154321681463,17794
dStromal_late,Proliferative Late,0,0.0,0,0.0,837
dStromal_mid,Proliferative Late,0,0.0,0,0.0,13102
eHormones,Proliferative Late,56,0.010332103321033211,2,1.033210332103321,5420
ePV_1a,Proliferative Late,0,0.0,0,0.0,1752
ePV_1b,Proliferative Late,70,0.03414634146341464,2,3.414634146341464,2050
ePV_2,Proliferative Late,337,0.05,2,5.0,6740
eStromal,Proliferative Late,3934,0.07448500454407755,2,7.448500454407755,52816
eStromal_MMPs,Proliferative Late,1,0.000881057268722467,1,0.0881057268722467,1135
eStromal_cycling,Proliferative Late,433,0.07055564608114714,2,7.0555646081147145,6137
mPV,Proliferative Late,0,0.0,0,0.0,875
preGlandular,Proliferative Late,200,0.01080613788631943,2,1.080613788631943,18508
preLuminal,Proliferative Late,1,0.0010362694300518134,1,0.10362694300518134,965
uSMCs,Proliferative Late,0,0.0,0,0.0,281
Ciliated,Secretory Early,484,0.16296296296296298,3,16.296296296296298,2970
Cycling,Secretory Early,1646,0.3553540587219344,3,35.53540587219344,4632
Glandular,Secretory Early,24,0.00387409200968523,3,0.387409200968523,6195
Glandular_secretory,Secretory Early,0,0.0,0,0.0,2992
HOXA13,Secretory Early,0,0.0,0,0.0,109
Immune_Lymphoid,Secretory Early,2796,0.12055361531496572,3,12.055361531496573,23193
Immune_Myeloid,Secretory Early,213,0.03232660494764,3,3.2326604947640005,6589
MUC5B,Secretory Early,1,0.004048582995951417,1,0.4048582995951417,247
SOX9_functionalis_II,Secretory Early,771,0.05765348089433934,3,5.7653480894339335,13373
SOX9_luminal,Secretory Early,346,0.13007518796992482,3,13.007518796992482,2660
Venous,Secretory Early,1541,0.11842004149696457,3,11.842004149696457,13013
dStromal_early,Secretory Early,9365,0.5263010003371923,3,52.63010003371923,17794
dStromal_late,Secretory Early,0,0.0,0,0.0,837
dStromal_mid,Secretory Early,349,0.026637154632880477,3,2.6637154632880478,13102
eHormones,Secretory Early,143,0.026383763837638376,3,2.6383763837638377,5420
ePV_1a,Secretory Early,3,0.0017123287671232876,2,0.17123287671232876,1752
ePV_1b,Secretory Early,309,0.15073170731707317,3,15.073170731707316,2050
ePV_2,Secretory Early,1467,0.21765578635014837,3,21.765578635014837,6740
eStromal,Secretory Early,8656,0.1638897303847319,3,16.38897303847319,52816
eStromal_MMPs,Secretory Early,1,0.000881057268722467,1,0.0881057268722467,1135
eStromal_cycling,Secretory Early,1360,0.22160664819944598,3,22.160664819944596,6137
mPV,Secretory Early,2,0.002285714285714286,2,0.2285714285714286,875
preGlandular,Secretory Early,7253,0.3918845904473741,3,39.188459044737414,18508
preLuminal,Secretory Early,398,0.41243523316062175,2,41.24352331606217,965
uSMCs,Secretory Early,0,0.0,0,0.0,281
Ciliated,Secretory Mid,367,0.12356902356902356,4,12.356902356902356,2970
Cycling,Secretory Mid,209,0.04512089810017271,3,4.512089810017271,4632
Glandular,Secretory Mid,5981,0.96545601291364,4,96.54560129136401,6195
Glandular_secretory,Secretory Mid,2978,0.9953208556149733,3,99.53208556149733,2992
HOXA13,Secretory Mid,85,0.7798165137614679,3,77.98165137614679,109
Immune_Lymphoid,Secretory Mid,4707,0.20294916569654636,4,20.294916569654635,23193
Immune_Myeloid,Secretory Mid,223,0.033844285931097284,4,3.384428593109728,6589
MUC5B,Secretory Mid,145,0.5870445344129555,2,58.70445344129555,247
SOX9_functionalis_II,Secretory Mid,471,0.03522021984595827,4,3.522021984595827,13373
SOX9_luminal,Secretory Mid,433,0.16278195488721806,3,16.278195488721806,2660
Venous,Secretory Mid,2026,0.15569046338277107,4,15.569046338277106,13013
dStromal_early,Secretory Mid,3036,0.17061930987973475,4,17.061930987973476,17794
dStromal_late,Secretory Mid,5,0.005973715651135006,2,0.5973715651135006,837
dStromal_mid,Secretory Mid,12263,0.9359639749656541,4,93.5963974965654,13102
eHormones,Secretory Mid,117,0.02158671586715867,4,2.158671586715867,5420
ePV_1a,Secretory Mid,34,0.019406392694063926,4,1.9406392694063925,1752
ePV_1b,Secretory Mid,629,0.3068292682926829,4,30.682926829268293,2050
ePV_2,Secretory Mid,595,0.08827893175074183,4,8.827893175074184,6740
eStromal,Secretory Mid,1491,0.02823008179339594,4,2.823008179339594,52816
eStromal_MMPs,Secretory Mid,0,0.0,0,0.0,1135
eStromal_cycling,Secretory Mid,60,0.009776763891152028,4,0.9776763891152028,6137
mPV,Secretory Mid,11,0.012571428571428572,3,1.2571428571428571,875
preGlandular,Secretory Mid,7781,0.4204127944672574,4,42.04127944672574,18508
preLuminal,Secretory Mid,381,0.39481865284974094,4,39.48186528497409,965
uSMCs,Secretory Mid,1,0.0035587188612099642,1,0.3558718861209964,281
Ciliated,Hormones,24,0.00808080808080808,2,0.8080808080808081,2970
Cycling,Hormones,12,0.0025906735751295338,1,0.2590673575129534,4632
Glandular,Hormones,17,0.0027441485068603715,2,0.27441485068603716,6195
Glandular_secretory,Hormones,8,0.00267379679144385,2,0.267379679144385,2992
HOXA13,Hormones,0,0.0,0,0.0,109
Immune_Lymphoid,Hormones,2117,0.09127754063726125,2,9.127754063726124,23193
Immune_Myeloid,Hormones,3884,0.5894672939748065,2,58.946729397480645,6589
MUC5B,Hormones,1,0.004048582995951417,1,0.4048582995951417,247
SOX9_functionalis_II,Hormones,19,0.0014207731997308009,1,0.1420773199730801,13373
SOX9_luminal,Hormones,26,0.009774436090225564,2,0.9774436090225564,2660
Venous,Hormones,321,0.024667640052255437,2,2.4667640052255435,13013
dStromal_early,Hormones,39,0.0021917500280993593,2,0.21917500280993593,17794
dStromal_late,Hormones,829,0.9904420549581839,2,99.04420549581839,837
dStromal_mid,Hormones,55,0.004197832392001221,2,0.41978323920012206,13102
eHormones,Hormones,3770,0.6955719557195572,2,69.55719557195572,5420
ePV_1a,Hormones,32,0.0182648401826484,2,1.82648401826484,1752
ePV_1b,Hormones,55,0.026829268292682926,2,2.682926829268293,2050
ePV_2,Hormones,303,0.044955489614243324,2,4.4955489614243325,6740
eStromal,Hormones,255,0.004828082399272947,2,0.4828082399272947,52816
eStromal_MMPs,Hormones,1057,0.9312775330396476,2,93.12775330396475,1135
eStromal_cycling,Hormones,3,0.0004888381945576015,1,0.04888381945576015,6137
mPV,Hormones,1,0.001142857142857143,1,0.1142857142857143,875
preGlandular,Hormones,33,0.001783012751242706,2,0.1783012751242706,18508
preLuminal,Hormones,8,0.008290155440414507,1,0.8290155440414507,965
uSMCs,Hormones,0,0.0,0,0.0,281
Ciliated,Unknown,1158,0.3898989898989899,3,38.98989898989899,2970
Cycling,Unknown,414,0.08937823834196891,3,8.937823834196891,4632
Glandular,Unknown,109,0.017594834543987085,2,1.7594834543987086,6195
Glandular_secretory,Unknown,1,0.00033422459893048126,1,0.03342245989304812,2992
HOXA13,Unknown,22,0.2018348623853211,1,20.18348623853211,109
Immune_Lymphoid,Unknown,2189,0.09438192558099427,3,9.438192558099427,23193
Immune_Myeloid,Unknown,270,0.040977386553346484,3,4.097738655334648,6589
MUC5B,Unknown,3,0.012145748987854251,2,1.214574898785425,247
SOX9_functionalis_II,Unknown,792,0.059223809167726016,3,5.922380916772601,13373
SOX9_luminal,Unknown,166,0.062406015037593986,3,6.2406015037593985,2660
Venous,Unknown,1990,0.15292399907784524,3,15.292399907784523,13013
dStromal_early,Unknown,3333,0.1873103293244914,3,18.73103293244914,17794
dStromal_late,Unknown,0,0.0,0,0.0,837
dStromal_mid,Unknown,328,0.025034345901389102,3,2.50343459013891,13102
eHormones,Unknown,31,0.0057195571955719554,3,0.5719557195571956,5420
ePV_1a,Unknown,5,0.0028538812785388126,2,0.28538812785388123,1752
ePV_1b,Unknown,463,0.22585365853658537,3,22.585365853658537,2050
ePV_2,Unknown,865,0.12833827893175073,3,12.833827893175073,6740
eStromal,Unknown,6326,0.11977431081490457,3,11.977431081490456,52816
eStromal_MMPs,Unknown,1,0.000881057268722467,1,0.0881057268722467,1135
eStromal_cycling,Unknown,1041,0.1696268535114877,3,16.96268535114877,6137
mPV,Unknown,3,0.0034285714285714284,2,0.34285714285714286,875
preGlandular,Unknown,1587,0.08574670412794468,3,8.574670412794468,18508
preLuminal,Unknown,175,0.18134715025906736,1,18.134715025906736,965
uSMCs,Unknown,6,0.021352313167259787,1,2.135231316725979,281
